
PLAY [verify] ******************************************************************

TASK [Gathering Facts] *********************************************************
ok: [localhost]

TASK [/stigforge/roles/ubuntu24_stig : StigForge apply ubuntu24_stig profile stig] ***
included: /stigforge/roles/ubuntu24_stig/tasks/stig.yml for localhost

TASK [/stigforge/roles/ubuntu24_stig : Gather the package facts] ***************
ok: [localhost]

TASK [/stigforge/roles/ubuntu24_stig : Ensure aide is installed] ***************
skipping: [localhost]

TASK [/stigforge/roles/ubuntu24_stig : Ensure aide is installed] ***************
skipping: [localhost] => (item=aide) 
skipping: [localhost]

TASK [/stigforge/roles/ubuntu24_stig : Ensure AIDE is installed] ***************
skipping: [localhost]

TASK [/stigforge/roles/ubuntu24_stig : Install cron] ***************************
skipping: [localhost]

TASK [/stigforge/roles/ubuntu24_stig : Ensure libpam-pwquality is installed] ***
changed: [localhost]

TASK [/stigforge/roles/ubuntu24_stig : Ensure vlock is installed] **************
skipping: [localhost]

TASK [/stigforge/roles/ubuntu24_stig : Ensure apparmor is installed] ***********
skipping: [localhost]

TASK [/stigforge/roles/ubuntu24_stig : Ensure ufw is installed] ****************
skipping: [localhost]

TASK [/stigforge/roles/ubuntu24_stig : Ensure NetworkManager is installed] *****
skipping: [localhost] => (item=NetworkManager) 
skipping: [localhost]

TASK [/stigforge/roles/ubuntu24_stig : Uninstall the telnet server: Ensure telnetd is removed] ***
ok: [localhost]

TASK [/stigforge/roles/ubuntu24_stig : Ensure chrony is installed] *************
skipping: [localhost]

TASK [/stigforge/roles/ubuntu24_stig : Remove the ntp service: Ensure ntp is removed] ***
skipping: [localhost]

TASK [/stigforge/roles/ubuntu24_stig : Ensure systemd-timesyncd is removed] ****
skipping: [localhost]

TASK [/stigforge/roles/ubuntu24_stig : Uninstall rsh-server Package: Ensure rsh-server is removed] ***
ok: [localhost]

TASK [/stigforge/roles/ubuntu24_stig : Ensure openssh-server is installed] *****
skipping: [localhost]

TASK [/stigforge/roles/ubuntu24_stig : Ensure sssd is installed] ***************
skipping: [localhost]

TASK [/stigforge/roles/ubuntu24_stig : Ensure audispd-plugins is installed] ****
skipping: [localhost]

TASK [/stigforge/roles/ubuntu24_stig : Ensure auditd is installed] *************
skipping: [localhost]

TASK [/stigforge/roles/ubuntu24_stig : Gather the package facts] ***************
ok: [localhost]

TASK [/stigforge/roles/ubuntu24_stig : Enable rsyslog Service - Enable Service rsyslog] ***
skipping: [localhost]

TASK [/stigforge/roles/ubuntu24_stig : Disable KDump Kernel Crash Analyzer (kdump) - Collect systemd Services Present in the System] ***
skipping: [localhost]

TASK [/stigforge/roles/ubuntu24_stig : Disable KDump Kernel Crash Analyzer (kdump) - Ensure kdump-tools.service is Masked] ***
skipping: [localhost]

TASK [/stigforge/roles/ubuntu24_stig : Unit Socket Exists - kdump-tools.socket] ***
skipping: [localhost]

TASK [/stigforge/roles/ubuntu24_stig : Disable KDump Kernel Crash Analyzer (kdump) - Disable Socket kdump-tools] ***
skipping: [localhost]

TASK [/stigforge/roles/ubuntu24_stig : Enable the OpenSSH Service - Enable Service ssh] ***
skipping: [localhost]

TASK [/stigforge/roles/ubuntu24_stig : Enable the SSSD Service - Enable Service sssd] ***
skipping: [localhost]

TASK [/stigforge/roles/ubuntu24_stig : Enable auditd Service - Enable Service auditd] ***
skipping: [localhost]

TASK [/stigforge/roles/ubuntu24_stig : Gather the service facts] ***************
ok: [localhost]

TASK [/stigforge/roles/ubuntu24_stig : Build and Test AIDE Database - Ensure AIDE Is Installed] ***
skipping: [localhost]

TASK [/stigforge/roles/ubuntu24_stig : Build and Test AIDE Database - Check if DB Path in /etc/aide/aide.conf Is Already Set] ***
skipping: [localhost]

TASK [/stigforge/roles/ubuntu24_stig : Build and Test AIDE Database - Check if DB Out Path in /etc/aide/aide.conf Is Already Set] ***
skipping: [localhost]

TASK [/stigforge/roles/ubuntu24_stig : Build and Test AIDE Database - Fix DB Path in Config File if Necessary] ***
skipping: [localhost]

TASK [/stigforge/roles/ubuntu24_stig : Build and Test AIDE Database - Fix DB Out Path in Config File if Necessary] ***
skipping: [localhost]

TASK [/stigforge/roles/ubuntu24_stig : Build and Test AIDE Database - Ensure the Default DB Path is Added] ***
skipping: [localhost]

TASK [/stigforge/roles/ubuntu24_stig : Build and Test AIDE Database - Ensure the Default Out Path is Added] ***
skipping: [localhost]

TASK [/stigforge/roles/ubuntu24_stig : Build and Test AIDE Database - Build and Test AIDE Database] ***
skipping: [localhost]

TASK [/stigforge/roles/ubuntu24_stig : Set audit_tools fact] *******************
skipping: [localhost]

TASK [/stigforge/roles/ubuntu24_stig : Ensure existing AIDE configuration for audit tools are correct] ***
skipping: [localhost]

TASK [/stigforge/roles/ubuntu24_stig : Configure AIDE to properly protect audit tools] ***
skipping: [localhost]

TASK [/stigforge/roles/ubuntu24_stig : Check for duplicate values] *************
skipping: [localhost]

TASK [/stigforge/roles/ubuntu24_stig : Deduplicate values from /etc/default/aide] ***
skipping: [localhost]

TASK [/stigforge/roles/ubuntu24_stig : Insert correct line to /etc/default/aide] ***
skipping: [localhost]

TASK [/stigforge/roles/ubuntu24_stig : Configure Systemd Timer Execution of AIDE - Ensure AIDE Service is Enabled] ***
skipping: [localhost]

TASK [/stigforge/roles/ubuntu24_stig : Configure Systemd Timer Execution of AIDE - Ensure AIDE Service Timer is Enabled] ***
skipping: [localhost]

TASK [/stigforge/roles/ubuntu24_stig : Configure Periodic Execution of AIDE - Install AIDE Cron Job] ***
skipping: [localhost]

TASK [/stigforge/roles/ubuntu24_stig : Configure Periodic Execution of AIDE - Install AIDE cron script] ***
skipping: [localhost]

TASK [/stigforge/roles/ubuntu24_stig : Modify the System Login Banner for Remote Connections - ensure correct banner] ***
skipping: [localhost]

TASK [/stigforge/roles/ubuntu24_stig : Account Lockouts Must Be Logged - Check if system relies on pam-auth-update tool] ***
ok: [localhost]

TASK [/stigforge/roles/ubuntu24_stig : Account Lockouts Must Be Logged - Check the presence of cac_faillock file] ***
ok: [localhost]

TASK [/stigforge/roles/ubuntu24_stig : Account Lockouts Must Be Logged - Check the presence of cac_faillock_notify file] ***
ok: [localhost]

TASK [/stigforge/roles/ubuntu24_stig : Account Lockouts Must Be Logged - Put the content into cac_faillock if it does not exist] ***
changed: [localhost]

TASK [/stigforge/roles/ubuntu24_stig : Account Lockouts Must Be Logged - Put the content into cac_faillock_notify if it does not exist] ***
changed: [localhost]

TASK [/stigforge/roles/ubuntu24_stig : None - Ensure pam-auth-update profile changes are applied] ***
changed: [localhost]

TASK [/stigforge/roles/ubuntu24_stig : None - Ensure pam-auth-update profile changes are applied] ***
changed: [localhost]

TASK [/stigforge/roles/ubuntu24_stig : Account Lockouts Must Be Logged - Check the presence of /etc/security/faillock.conf file] ***
ok: [localhost]

TASK [/stigforge/roles/ubuntu24_stig : Account Lockouts Must Be Logged - Ensure the pam_faillock.so audit parameter in /etc/security/faillock.conf] ***
changed: [localhost]

TASK [/stigforge/roles/ubuntu24_stig : Account Lockouts Must Be Logged - Check if /etc/pam.d/system-auth file is present] ***
ok: [localhost]

TASK [/stigforge/roles/ubuntu24_stig : Account Lockouts Must Be Logged - Define the PAM file to be edited as a local fact] ***
skipping: [localhost]

TASK [/stigforge/roles/ubuntu24_stig : Account Lockouts Must Be Logged - Check if system relies on authselect tool] ***
skipping: [localhost]

TASK [/stigforge/roles/ubuntu24_stig : Account Lockouts Must Be Logged - Check integrity of authselect current profile] ***
skipping: [localhost]

TASK [/stigforge/roles/ubuntu24_stig : Account Lockouts Must Be Logged - Informative message based on the authselect integrity check result] ***
skipping: [localhost]

TASK [/stigforge/roles/ubuntu24_stig : Account Lockouts Must Be Logged - Get authselect current profile] ***
skipping: [localhost]

TASK [/stigforge/roles/ubuntu24_stig : Account Lockouts Must Be Logged - Define the current authselect profile as a local fact] ***
skipping: [localhost]

TASK [/stigforge/roles/ubuntu24_stig : Account Lockouts Must Be Logged - Define the new authselect custom profile as a local fact] ***
skipping: [localhost]

TASK [/stigforge/roles/ubuntu24_stig : Account Lockouts Must Be Logged - Get authselect current features to also enable them in the custom profile] ***
skipping: [localhost]

TASK [/stigforge/roles/ubuntu24_stig : Account Lockouts Must Be Logged - Check if any custom profile with the same name was already created] ***
skipping: [localhost]

TASK [/stigforge/roles/ubuntu24_stig : Account Lockouts Must Be Logged - Create an authselect custom profile based on the current profile] ***
skipping: [localhost]

TASK [/stigforge/roles/ubuntu24_stig : Account Lockouts Must Be Logged - Create an authselect custom profile based on sssd profile] ***
skipping: [localhost]

TASK [/stigforge/roles/ubuntu24_stig : Account Lockouts Must Be Logged - Ensure authselect changes are applied] ***
skipping: [localhost]

TASK [/stigforge/roles/ubuntu24_stig : Account Lockouts Must Be Logged - Ensure the authselect custom profile is selected] ***
skipping: [localhost]

TASK [/stigforge/roles/ubuntu24_stig : Account Lockouts Must Be Logged - Restore the authselect features in the custom profile] ***
skipping: [localhost]

TASK [/stigforge/roles/ubuntu24_stig : Account Lockouts Must Be Logged - Ensure authselect changes are applied] ***
skipping: [localhost]

TASK [/stigforge/roles/ubuntu24_stig : Account Lockouts Must Be Logged - Change the PAM file to be edited according to the custom authselect profile] ***
skipping: [localhost]

TASK [/stigforge/roles/ubuntu24_stig : Account Lockouts Must Be Logged - Define a fact for control already filtered in case filters are used] ***
skipping: [localhost]

TASK [/stigforge/roles/ubuntu24_stig : Account Lockouts Must Be Logged - Check if {{ pam_file_path }} file is present] ***
skipping: [localhost]

TASK [/stigforge/roles/ubuntu24_stig : Account Lockouts Must Be Logged - Ensure the "audit" option from "pam_faillock.so" is not present in {{ pam_file_path }}] ***
skipping: [localhost]

TASK [/stigforge/roles/ubuntu24_stig : Account Lockouts Must Be Logged - Ensure authselect changes are applied] ***
skipping: [localhost]

TASK [/stigforge/roles/ubuntu24_stig : Account Lockouts Must Be Logged - Check if /etc/pam.d/password-auth file is present] ***
ok: [localhost]

TASK [/stigforge/roles/ubuntu24_stig : Account Lockouts Must Be Logged - Define the PAM file to be edited as a local fact] ***
skipping: [localhost]

TASK [/stigforge/roles/ubuntu24_stig : Account Lockouts Must Be Logged - Check if system relies on authselect tool] ***
skipping: [localhost]

TASK [/stigforge/roles/ubuntu24_stig : Account Lockouts Must Be Logged - Check integrity of authselect current profile] ***
skipping: [localhost]

TASK [/stigforge/roles/ubuntu24_stig : Account Lockouts Must Be Logged - Informative message based on the authselect integrity check result] ***
skipping: [localhost]

TASK [/stigforge/roles/ubuntu24_stig : Account Lockouts Must Be Logged - Get authselect current profile] ***
skipping: [localhost]

TASK [/stigforge/roles/ubuntu24_stig : Account Lockouts Must Be Logged - Define the current authselect profile as a local fact] ***
skipping: [localhost]

TASK [/stigforge/roles/ubuntu24_stig : Account Lockouts Must Be Logged - Define the new authselect custom profile as a local fact] ***
skipping: [localhost]

TASK [/stigforge/roles/ubuntu24_stig : Account Lockouts Must Be Logged - Get authselect current features to also enable them in the custom profile] ***
skipping: [localhost]

TASK [/stigforge/roles/ubuntu24_stig : Account Lockouts Must Be Logged - Check if any custom profile with the same name was already created] ***
skipping: [localhost]

TASK [/stigforge/roles/ubuntu24_stig : Account Lockouts Must Be Logged - Create an authselect custom profile based on the current profile] ***
skipping: [localhost]

TASK [/stigforge/roles/ubuntu24_stig : Account Lockouts Must Be Logged - Create an authselect custom profile based on sssd profile] ***
skipping: [localhost]

TASK [/stigforge/roles/ubuntu24_stig : Account Lockouts Must Be Logged - Ensure authselect changes are applied] ***
skipping: [localhost]

TASK [/stigforge/roles/ubuntu24_stig : Account Lockouts Must Be Logged - Ensure the authselect custom profile is selected] ***
skipping: [localhost]

TASK [/stigforge/roles/ubuntu24_stig : Account Lockouts Must Be Logged - Restore the authselect features in the custom profile] ***
skipping: [localhost]

TASK [/stigforge/roles/ubuntu24_stig : Account Lockouts Must Be Logged - Ensure authselect changes are applied] ***
skipping: [localhost]

TASK [/stigforge/roles/ubuntu24_stig : Account Lockouts Must Be Logged - Change the PAM file to be edited according to the custom authselect profile] ***
skipping: [localhost]

TASK [/stigforge/roles/ubuntu24_stig : Account Lockouts Must Be Logged - Define a fact for control already filtered in case filters are used] ***
skipping: [localhost]

TASK [/stigforge/roles/ubuntu24_stig : Account Lockouts Must Be Logged - Check if {{ pam_file_path }} file is present] ***
skipping: [localhost]

TASK [/stigforge/roles/ubuntu24_stig : Account Lockouts Must Be Logged - Ensure the "audit" option from "pam_faillock.so" is not present in {{ pam_file_path }}] ***
skipping: [localhost]

TASK [/stigforge/roles/ubuntu24_stig : Account Lockouts Must Be Logged - Ensure authselect changes are applied] ***
skipping: [localhost]

TASK [/stigforge/roles/ubuntu24_stig : Account Lockouts Must Be Logged - Check if pam_faillock.so audit parameter is already enabled in pam files] ***
skipping: [localhost]

TASK [/stigforge/roles/ubuntu24_stig : Account Lockouts Must Be Logged - Ensure the inclusion of pam_faillock.so preauth audit parameter in auth section] ***
skipping: [localhost] => (item=/etc/pam.d/system-auth) 
skipping: [localhost] => (item=/etc/pam.d/password-auth) 
skipping: [localhost]

TASK [/stigforge/roles/ubuntu24_stig : Do Not Show System Messages When Unsuccessful Logon Attempts Occur - Check if system relies on pam-auth-update tool] ***
ok: [localhost]

TASK [/stigforge/roles/ubuntu24_stig : Do Not Show System Messages When Unsuccessful Logon Attempts Occur - Check the presence of cac_faillock file] ***
ok: [localhost]

TASK [/stigforge/roles/ubuntu24_stig : Do Not Show System Messages When Unsuccessful Logon Attempts Occur - Check the presence of cac_faillock_notify file] ***
ok: [localhost]

TASK [/stigforge/roles/ubuntu24_stig : Do Not Show System Messages When Unsuccessful Logon Attempts Occur - Put the content into cac_faillock if it does not exist] ***
skipping: [localhost]

TASK [/stigforge/roles/ubuntu24_stig : Do Not Show System Messages When Unsuccessful Logon Attempts Occur - Put the content into cac_faillock_notify if it does not exist] ***
skipping: [localhost]

TASK [/stigforge/roles/ubuntu24_stig : None - Ensure pam-auth-update profile changes are applied] ***
changed: [localhost]

TASK [/stigforge/roles/ubuntu24_stig : None - Ensure pam-auth-update profile changes are applied] ***
changed: [localhost]

TASK [/stigforge/roles/ubuntu24_stig : Do Not Show System Messages When Unsuccessful Logon Attempts Occur - Check the presence of /etc/security/faillock.conf file] ***
ok: [localhost]

TASK [/stigforge/roles/ubuntu24_stig : Do Not Show System Messages When Unsuccessful Logon Attempts Occur - Ensure the pam_faillock.so silent parameter in /etc/security/faillock.conf] ***
changed: [localhost]

TASK [/stigforge/roles/ubuntu24_stig : Do Not Show System Messages When Unsuccessful Logon Attempts Occur - Check if /etc/pam.d/system-auth file is present] ***
ok: [localhost]

TASK [/stigforge/roles/ubuntu24_stig : Do Not Show System Messages When Unsuccessful Logon Attempts Occur - Define the PAM file to be edited as a local fact] ***
skipping: [localhost]

TASK [/stigforge/roles/ubuntu24_stig : Do Not Show System Messages When Unsuccessful Logon Attempts Occur - Check if system relies on authselect tool] ***
skipping: [localhost]

TASK [/stigforge/roles/ubuntu24_stig : Do Not Show System Messages When Unsuccessful Logon Attempts Occur - Check integrity of authselect current profile] ***
skipping: [localhost]

TASK [/stigforge/roles/ubuntu24_stig : Do Not Show System Messages When Unsuccessful Logon Attempts Occur - Informative message based on the authselect integrity check result] ***
skipping: [localhost]

TASK [/stigforge/roles/ubuntu24_stig : Do Not Show System Messages When Unsuccessful Logon Attempts Occur - Get authselect current profile] ***
skipping: [localhost]

TASK [/stigforge/roles/ubuntu24_stig : Do Not Show System Messages When Unsuccessful Logon Attempts Occur - Define the current authselect profile as a local fact] ***
skipping: [localhost]

TASK [/stigforge/roles/ubuntu24_stig : Do Not Show System Messages When Unsuccessful Logon Attempts Occur - Define the new authselect custom profile as a local fact] ***
skipping: [localhost]

TASK [/stigforge/roles/ubuntu24_stig : Do Not Show System Messages When Unsuccessful Logon Attempts Occur - Get authselect current features to also enable them in the custom profile] ***
skipping: [localhost]

TASK [/stigforge/roles/ubuntu24_stig : Do Not Show System Messages When Unsuccessful Logon Attempts Occur - Check if any custom profile with the same name was already created] ***
skipping: [localhost]

TASK [/stigforge/roles/ubuntu24_stig : Do Not Show System Messages When Unsuccessful Logon Attempts Occur - Create an authselect custom profile based on the current profile] ***
skipping: [localhost]

TASK [/stigforge/roles/ubuntu24_stig : Do Not Show System Messages When Unsuccessful Logon Attempts Occur - Create an authselect custom profile based on sssd profile] ***
skipping: [localhost]

TASK [/stigforge/roles/ubuntu24_stig : Do Not Show System Messages When Unsuccessful Logon Attempts Occur - Ensure authselect changes are applied] ***
skipping: [localhost]

TASK [/stigforge/roles/ubuntu24_stig : Do Not Show System Messages When Unsuccessful Logon Attempts Occur - Ensure the authselect custom profile is selected] ***
skipping: [localhost]

TASK [/stigforge/roles/ubuntu24_stig : Do Not Show System Messages When Unsuccessful Logon Attempts Occur - Restore the authselect features in the custom profile] ***
skipping: [localhost]

TASK [/stigforge/roles/ubuntu24_stig : Do Not Show System Messages When Unsuccessful Logon Attempts Occur - Ensure authselect changes are applied] ***
skipping: [localhost]

TASK [/stigforge/roles/ubuntu24_stig : Do Not Show System Messages When Unsuccessful Logon Attempts Occur - Change the PAM file to be edited according to the custom authselect profile] ***
skipping: [localhost]

TASK [/stigforge/roles/ubuntu24_stig : Do Not Show System Messages When Unsuccessful Logon Attempts Occur - Define a fact for control already filtered in case filters are used] ***
skipping: [localhost]

TASK [/stigforge/roles/ubuntu24_stig : Do Not Show System Messages When Unsuccessful Logon Attempts Occur - Check if {{ pam_file_path }} file is present] ***
skipping: [localhost]

TASK [/stigforge/roles/ubuntu24_stig : Do Not Show System Messages When Unsuccessful Logon Attempts Occur - Ensure the "silent" option from "pam_faillock.so" is not present in {{ pam_file_path }}] ***
skipping: [localhost]

TASK [/stigforge/roles/ubuntu24_stig : Do Not Show System Messages When Unsuccessful Logon Attempts Occur - Ensure authselect changes are applied] ***
skipping: [localhost]

TASK [/stigforge/roles/ubuntu24_stig : Do Not Show System Messages When Unsuccessful Logon Attempts Occur - Check if /etc/pam.d/password-auth file is present] ***
ok: [localhost]

TASK [/stigforge/roles/ubuntu24_stig : Do Not Show System Messages When Unsuccessful Logon Attempts Occur - Define the PAM file to be edited as a local fact] ***
skipping: [localhost]

TASK [/stigforge/roles/ubuntu24_stig : Do Not Show System Messages When Unsuccessful Logon Attempts Occur - Check if system relies on authselect tool] ***
skipping: [localhost]

TASK [/stigforge/roles/ubuntu24_stig : Do Not Show System Messages When Unsuccessful Logon Attempts Occur - Check integrity of authselect current profile] ***
skipping: [localhost]

TASK [/stigforge/roles/ubuntu24_stig : Do Not Show System Messages When Unsuccessful Logon Attempts Occur - Informative message based on the authselect integrity check result] ***
skipping: [localhost]

TASK [/stigforge/roles/ubuntu24_stig : Do Not Show System Messages When Unsuccessful Logon Attempts Occur - Get authselect current profile] ***
skipping: [localhost]

TASK [/stigforge/roles/ubuntu24_stig : Do Not Show System Messages When Unsuccessful Logon Attempts Occur - Define the current authselect profile as a local fact] ***
skipping: [localhost]

TASK [/stigforge/roles/ubuntu24_stig : Do Not Show System Messages When Unsuccessful Logon Attempts Occur - Define the new authselect custom profile as a local fact] ***
skipping: [localhost]

TASK [/stigforge/roles/ubuntu24_stig : Do Not Show System Messages When Unsuccessful Logon Attempts Occur - Get authselect current features to also enable them in the custom profile] ***
skipping: [localhost]

TASK [/stigforge/roles/ubuntu24_stig : Do Not Show System Messages When Unsuccessful Logon Attempts Occur - Check if any custom profile with the same name was already created] ***
skipping: [localhost]

TASK [/stigforge/roles/ubuntu24_stig : Do Not Show System Messages When Unsuccessful Logon Attempts Occur - Create an authselect custom profile based on the current profile] ***
skipping: [localhost]

TASK [/stigforge/roles/ubuntu24_stig : Do Not Show System Messages When Unsuccessful Logon Attempts Occur - Create an authselect custom profile based on sssd profile] ***
skipping: [localhost]

TASK [/stigforge/roles/ubuntu24_stig : Do Not Show System Messages When Unsuccessful Logon Attempts Occur - Ensure authselect changes are applied] ***
skipping: [localhost]

TASK [/stigforge/roles/ubuntu24_stig : Do Not Show System Messages When Unsuccessful Logon Attempts Occur - Ensure the authselect custom profile is selected] ***
skipping: [localhost]

TASK [/stigforge/roles/ubuntu24_stig : Do Not Show System Messages When Unsuccessful Logon Attempts Occur - Restore the authselect features in the custom profile] ***
skipping: [localhost]

TASK [/stigforge/roles/ubuntu24_stig : Do Not Show System Messages When Unsuccessful Logon Attempts Occur - Ensure authselect changes are applied] ***
skipping: [localhost]

TASK [/stigforge/roles/ubuntu24_stig : Do Not Show System Messages When Unsuccessful Logon Attempts Occur - Change the PAM file to be edited according to the custom authselect profile] ***
skipping: [localhost]

TASK [/stigforge/roles/ubuntu24_stig : Do Not Show System Messages When Unsuccessful Logon Attempts Occur - Define a fact for control already filtered in case filters are used] ***
skipping: [localhost]

TASK [/stigforge/roles/ubuntu24_stig : Do Not Show System Messages When Unsuccessful Logon Attempts Occur - Check if {{ pam_file_path }} file is present] ***
skipping: [localhost]

TASK [/stigforge/roles/ubuntu24_stig : Do Not Show System Messages When Unsuccessful Logon Attempts Occur - Ensure the "silent" option from "pam_faillock.so" is not present in {{ pam_file_path }}] ***
skipping: [localhost]

TASK [/stigforge/roles/ubuntu24_stig : Do Not Show System Messages When Unsuccessful Logon Attempts Occur - Ensure authselect changes are applied] ***
skipping: [localhost]

TASK [/stigforge/roles/ubuntu24_stig : Do Not Show System Messages When Unsuccessful Logon Attempts Occur - Ensure the inclusion of pam_faillock.so preauth silent parameter in auth section] ***
skipping: [localhost] => (item=/etc/pam.d/system-auth) 
skipping: [localhost] => (item=/etc/pam.d/password-auth) 
skipping: [localhost]

TASK [/stigforge/roles/ubuntu24_stig : Ensure PAM Enforces Password Requirements - Minimum Digit Characters - Check if system relies on pam-auth-update tool] ***
ok: [localhost]

TASK [/stigforge/roles/ubuntu24_stig : Check if /usr/share/pam-configs/cac_pwquality exists] ***
ok: [localhost]

TASK [/stigforge/roles/ubuntu24_stig : Put the content into /usr/share/pam-configs/cac_pwquality if it does not exist] ***
changed: [localhost]

TASK [/stigforge/roles/ubuntu24_stig : Ensure PAM Enforces Password Requirements - Minimum Digit Characters - Ensure pam-auth-update profile changes are applied] ***
changed: [localhost]

TASK [/stigforge/roles/ubuntu24_stig : Ensure PAM Enforces Password Requirements - Minimum Digit Characters - Ensure PAM variable dcredit is set accordingly] ***
changed: [localhost]

TASK [/stigforge/roles/ubuntu24_stig : Ensure PAM Enforces Password Requirements - Prevent the Use of Dictionary Words - Check if system relies on pam-auth-update tool] ***
ok: [localhost]

TASK [/stigforge/roles/ubuntu24_stig : Check if /usr/share/pam-configs/cac_pwquality exists] ***
ok: [localhost]

TASK [/stigforge/roles/ubuntu24_stig : Put the content into /usr/share/pam-configs/cac_pwquality if it does not exist] ***
skipping: [localhost]

TASK [/stigforge/roles/ubuntu24_stig : Ensure PAM Enforces Password Requirements - Prevent the Use of Dictionary Words - Ensure pam-auth-update profile changes are applied] ***
changed: [localhost]

TASK [/stigforge/roles/ubuntu24_stig : Ensure PAM Enforces Password Requirements - Prevent the Use of Dictionary Words - Ensure PAM variable dictcheck is set accordingly] ***
changed: [localhost]

TASK [/stigforge/roles/ubuntu24_stig : Ensure PAM Enforces Password Requirements - Minimum Different Characters - Check if system relies on pam-auth-update tool] ***
ok: [localhost]

TASK [/stigforge/roles/ubuntu24_stig : Check if /usr/share/pam-configs/cac_pwquality exists] ***
ok: [localhost]

TASK [/stigforge/roles/ubuntu24_stig : Put the content into /usr/share/pam-configs/cac_pwquality if it does not exist] ***
skipping: [localhost]

TASK [/stigforge/roles/ubuntu24_stig : Ensure PAM Enforces Password Requirements - Minimum Different Characters - Ensure pam-auth-update profile changes are applied] ***
changed: [localhost]

TASK [/stigforge/roles/ubuntu24_stig : Ensure PAM Enforces Password Requirements - Minimum Different Characters - Ensure PAM variable difok is set accordingly] ***
changed: [localhost]

TASK [/stigforge/roles/ubuntu24_stig : Ensure PAM Enforces Password Requirements - Enforcing - Check if system relies on pam-auth-update tool] ***
ok: [localhost]

TASK [/stigforge/roles/ubuntu24_stig : Check if /usr/share/pam-configs/cac_pwquality exists] ***
ok: [localhost]

TASK [/stigforge/roles/ubuntu24_stig : Put the content into /usr/share/pam-configs/cac_pwquality if it does not exist] ***
skipping: [localhost]

TASK [/stigforge/roles/ubuntu24_stig : Ensure PAM Enforces Password Requirements - Enforcing - Ensure pam-auth-update profile changes are applied] ***
changed: [localhost]

TASK [/stigforge/roles/ubuntu24_stig : Ensure PAM Enforces Password Requirements - Enforcing - Ensure PAM variable enforcing is set accordingly] ***
changed: [localhost]

TASK [/stigforge/roles/ubuntu24_stig : Ensure PAM Enforces Password Requirements - Minimum Lowercase Characters - Check if system relies on pam-auth-update tool] ***
ok: [localhost]

TASK [/stigforge/roles/ubuntu24_stig : Check if /usr/share/pam-configs/cac_pwquality exists] ***
ok: [localhost]

TASK [/stigforge/roles/ubuntu24_stig : Put the content into /usr/share/pam-configs/cac_pwquality if it does not exist] ***
skipping: [localhost]

TASK [/stigforge/roles/ubuntu24_stig : Ensure PAM Enforces Password Requirements - Minimum Lowercase Characters - Ensure pam-auth-update profile changes are applied] ***
changed: [localhost]

TASK [/stigforge/roles/ubuntu24_stig : Ensure PAM Enforces Password Requirements - Minimum Lowercase Characters - Ensure PAM variable lcredit is set accordingly] ***
changed: [localhost]

TASK [/stigforge/roles/ubuntu24_stig : Ensure PAM Enforces Password Requirements - Minimum Length - Check if system relies on pam-auth-update tool] ***
ok: [localhost]

TASK [/stigforge/roles/ubuntu24_stig : Check if /usr/share/pam-configs/cac_pwquality exists] ***
ok: [localhost]

TASK [/stigforge/roles/ubuntu24_stig : Put the content into /usr/share/pam-configs/cac_pwquality if it does not exist] ***
skipping: [localhost]

TASK [/stigforge/roles/ubuntu24_stig : Ensure PAM Enforces Password Requirements - Minimum Length - Ensure pam-auth-update profile changes are applied] ***
changed: [localhost]

TASK [/stigforge/roles/ubuntu24_stig : Ensure PAM Enforces Password Requirements - Minimum Length - Ensure PAM variable minlen is set accordingly] ***
changed: [localhost]

TASK [/stigforge/roles/ubuntu24_stig : Ensure PAM Enforces Password Requirements - Minimum Special Characters - Check if system relies on pam-auth-update tool] ***
ok: [localhost]

TASK [/stigforge/roles/ubuntu24_stig : Check if /usr/share/pam-configs/cac_pwquality exists] ***
ok: [localhost]

TASK [/stigforge/roles/ubuntu24_stig : Put the content into /usr/share/pam-configs/cac_pwquality if it does not exist] ***
skipping: [localhost]

TASK [/stigforge/roles/ubuntu24_stig : Ensure PAM Enforces Password Requirements - Minimum Special Characters - Ensure pam-auth-update profile changes are applied] ***
changed: [localhost]

TASK [/stigforge/roles/ubuntu24_stig : Ensure PAM Enforces Password Requirements - Minimum Special Characters - Ensure PAM variable ocredit is set accordingly] ***
changed: [localhost]

TASK [/stigforge/roles/ubuntu24_stig : Ensure PAM Enforces Password Requirements - Minimum Uppercase Characters - Check if system relies on pam-auth-update tool] ***
ok: [localhost]

TASK [/stigforge/roles/ubuntu24_stig : Check if /usr/share/pam-configs/cac_pwquality exists] ***
ok: [localhost]

TASK [/stigforge/roles/ubuntu24_stig : Put the content into /usr/share/pam-configs/cac_pwquality if it does not exist] ***
skipping: [localhost]

TASK [/stigforge/roles/ubuntu24_stig : Ensure PAM Enforces Password Requirements - Minimum Uppercase Characters - Ensure pam-auth-update profile changes are applied] ***
changed: [localhost]

TASK [/stigforge/roles/ubuntu24_stig : Ensure PAM Enforces Password Requirements - Minimum Uppercase Characters - Ensure PAM variable ucredit is set accordingly] ***
changed: [localhost]

TASK [/stigforge/roles/ubuntu24_stig : Disable Ctrl-Alt-Del Reboot Activation] ***
skipping: [localhost]

TASK [/stigforge/roles/ubuntu24_stig : Prevent Login to Accounts With Empty Password - Check if system relies on authselect] ***
ok: [localhost]

TASK [/stigforge/roles/ubuntu24_stig : Prevent Login to Accounts With Empty Password - Check integrity of authselect current profile] ***
skipping: [localhost]

TASK [/stigforge/roles/ubuntu24_stig : Prevent Login to Accounts With Empty Password - Informative message based on the authselect integrity check result] ***
skipping: [localhost]

TASK [/stigforge/roles/ubuntu24_stig : Prevent Login to Accounts With Empty Password - Get authselect current features] ***
skipping: [localhost]

TASK [/stigforge/roles/ubuntu24_stig : Prevent Login to Accounts With Empty Password - Ensure "without-nullok" feature is enabled using authselect tool] ***
skipping: [localhost]

TASK [/stigforge/roles/ubuntu24_stig : Prevent Login to Accounts With Empty Password - Ensure authselect changes are applied] ***
skipping: [localhost]

TASK [/stigforge/roles/ubuntu24_stig : Prevent Login to Accounts With Empty Password - Remediate directly editing PAM files] ***
ok: [localhost] => (item=/etc/pam.d/common-password)

TASK [/stigforge/roles/ubuntu24_stig : Collect users with no password] *********
skipping: [localhost]

TASK [/stigforge/roles/ubuntu24_stig : Lock users with no password] ************
skipping: [localhost]

TASK [/stigforge/roles/ubuntu24_stig : Correct any occurrence of TMOUT in /etc/profile] ***
skipping: [localhost]

TASK [/stigforge/roles/ubuntu24_stig : Set Interactive Session Timeout] ********
skipping: [localhost]

TASK [/stigforge/roles/ubuntu24_stig : Check if UMASK is already set] **********
ok: [localhost]

TASK [/stigforge/roles/ubuntu24_stig : Replace user UMASK in /etc/login.defs] ***
changed: [localhost]

TASK [/stigforge/roles/ubuntu24_stig : Ensure the Default UMASK is Appended Correctly] ***
skipping: [localhost]

TASK [/stigforge/roles/ubuntu24_stig : Check that the systemd-journal group is defined] ***
skipping: [localhost]

TASK [/stigforge/roles/ubuntu24_stig : Set the dir_groupowner_system_journal_newgroup variable if systemd-journal found] ***
skipping: [localhost]

TASK [/stigforge/roles/ubuntu24_stig : Ensure group owner on /run/log/journal/ recursively] ***
skipping: [localhost]

TASK [/stigforge/roles/ubuntu24_stig : Ensure group owner on /var/log/journal/ recursively] ***
skipping: [localhost]

TASK [/stigforge/roles/ubuntu24_stig : Set the dir_owner_system_journal_newown variable if represented by uid] ***
skipping: [localhost]

TASK [/stigforge/roles/ubuntu24_stig : Ensure owner on directory /run/log/journal/ recursively] ***
skipping: [localhost]

TASK [/stigforge/roles/ubuntu24_stig : Ensure owner on directory /var/log/journal/ recursively] ***
skipping: [localhost]

TASK [/stigforge/roles/ubuntu24_stig : Find /run/log/journal/ file(s) recursively] ***
skipping: [localhost]

TASK [/stigforge/roles/ubuntu24_stig : Set permissions for /run/log/journal/ file(s)] ***
skipping: [localhost]

TASK [/stigforge/roles/ubuntu24_stig : Find /var/log/journal/ file(s) recursively] ***
skipping: [localhost]

TASK [/stigforge/roles/ubuntu24_stig : Set permissions for /var/log/journal/ file(s)] ***
skipping: [localhost]

TASK [/stigforge/roles/ubuntu24_stig : Set the file_groupowner_journalctl_newgroup variable if represented by gid] ***
skipping: [localhost]

TASK [/stigforge/roles/ubuntu24_stig : Test for existence /usr/bin/journalctl] ***
skipping: [localhost]

TASK [/stigforge/roles/ubuntu24_stig : Ensure group owner on /usr/bin/journalctl] ***
skipping: [localhost]

TASK [/stigforge/roles/ubuntu24_stig : Check that the systemd-journal group is defined] ***
skipping: [localhost]

TASK [/stigforge/roles/ubuntu24_stig : Set the file_groupowner_system_journal_newgroup variable if systemd-journal found] ***
skipping: [localhost]

TASK [/stigforge/roles/ubuntu24_stig : Find /run/log/journal/ file(s) matching ^.*$ recursively] ***
skipping: [localhost]

TASK [/stigforge/roles/ubuntu24_stig : Ensure group owner on /run/log/journal/ file(s) matching ^.*$] ***
skipping: [localhost]

TASK [/stigforge/roles/ubuntu24_stig : Find /var/log/journal/ file(s) matching ^.*$ recursively] ***
skipping: [localhost]

TASK [/stigforge/roles/ubuntu24_stig : Ensure group owner on /var/log/journal/ file(s) matching ^.*$] ***
skipping: [localhost]

TASK [/stigforge/roles/ubuntu24_stig : Set the file_owner_journalctl_newown variable if represented by uid] ***
skipping: [localhost]

TASK [/stigforge/roles/ubuntu24_stig : Test for existence /usr/bin/journalctl] ***
skipping: [localhost]

TASK [/stigforge/roles/ubuntu24_stig : Ensure owner on /usr/bin/journalctl] ****
skipping: [localhost]

TASK [/stigforge/roles/ubuntu24_stig : Set the file_owner_system_journal_newown variable if represented by uid] ***
skipping: [localhost]

TASK [/stigforge/roles/ubuntu24_stig : Find /run/log/journal/ file(s) matching ^.*$ recursively] ***
skipping: [localhost]

TASK [/stigforge/roles/ubuntu24_stig : Ensure owner on /run/log/journal/ file(s) matching ^.*$] ***
skipping: [localhost]

TASK [/stigforge/roles/ubuntu24_stig : Find /var/log/journal/ file(s) matching ^.*$ recursively] ***
skipping: [localhost]

TASK [/stigforge/roles/ubuntu24_stig : Ensure owner on /var/log/journal/ file(s) matching ^.*$] ***
skipping: [localhost]

TASK [/stigforge/roles/ubuntu24_stig : Test for existence /usr/bin/journalctl] ***
skipping: [localhost]

TASK [/stigforge/roles/ubuntu24_stig : Ensure permission u-s,g-xws,o-xwrt on /usr/bin/journalctl] ***
skipping: [localhost]

TASK [/stigforge/roles/ubuntu24_stig : Find /run/log/journal/ file(s) recursively] ***
skipping: [localhost]

TASK [/stigforge/roles/ubuntu24_stig : Set permissions for /run/log/journal/ file(s)] ***
skipping: [localhost]

TASK [/stigforge/roles/ubuntu24_stig : Find /var/log/journal/ file(s) recursively] ***
skipping: [localhost]

TASK [/stigforge/roles/ubuntu24_stig : Set permissions for /var/log/journal/ file(s)] ***
skipping: [localhost]

TASK [/stigforge/roles/ubuntu24_stig : List /etc/sysctl.d/*.conf files] ********
skipping: [localhost]

TASK [/stigforge/roles/ubuntu24_stig : Comment out any occurrences of net.ipv4.tcp_syncookies from config files] ***
skipping: [localhost]

TASK [/stigforge/roles/ubuntu24_stig : Comment out any occurrences of net.ipv4.tcp_syncookies from /etc/ufw/sysctl.conf] ***
skipping: [localhost]

TASK [/stigforge/roles/ubuntu24_stig : Ensure sysctl net.ipv4.tcp_syncookies is set] ***
skipping: [localhost]

TASK [/stigforge/roles/ubuntu24_stig : NetworkManager Deactivate Wireless Network Interfaces] ***
skipping: [localhost]

TASK [/stigforge/roles/ubuntu24_stig : Find /var/log/ file(s) recursively] *****
ok: [localhost]

TASK [/stigforge/roles/ubuntu24_stig : Set permissions for /var/log/ file(s)] ***
changed: [localhost] => (item=/var/log/apt/history.log)
changed: [localhost] => (item=/var/log/apt/eipp.log.xz)
changed: [localhost] => (item=/var/log/faillog)
changed: [localhost] => (item=/var/log/bootstrap.log)
changed: [localhost] => (item=/var/log/alternatives.log)
changed: [localhost] => (item=/var/log/dpkg.log)

TASK [/stigforge/roles/ubuntu24_stig : Check that the syslog group is defined] ***
fatal: [localhost]: FAILED! => {"changed": false, "msg": "One or more supplied key could not be found in the database."}
...ignoring

TASK [/stigforge/roles/ubuntu24_stig : Set the file_groupowner_var_log_newgroup variable if syslog found] ***
skipping: [localhost]

TASK [/stigforge/roles/ubuntu24_stig : Ensure group owner on /var/log/] ********
fatal: [localhost]: FAILED! => {"msg": "The task includes an option with an undefined variable.. 'file_groupowner_var_log_newgroup' is undefined\n\nThe error appears to be in '/stigforge/roles/ubuntu24_stig/tasks/stig.yml': line 4408, column 5, but may\nbe elsewhere in the file depending on the exact syntax problem.\n\nThe offending line appears to be:\n\n- block:\n  - name: Ensure group owner on /var/log/\n    ^ here\n"}

TASK [/stigforge/roles/ubuntu24_stig : StigForge: continue after error in 'Ensure group owner on /var/log/' (OpenSCAP is the score gate)] ***
ok: [localhost] => {
    "msg": "StigForge: 'Ensure group owner on /var/log/' raised an error (module or templating) and was skipped; continuing so later rules still run. OpenSCAP evaluates the resulting system state independently."
}

TASK [/stigforge/roles/ubuntu24_stig : Check that the adm group is defined] ****
ok: [localhost]

TASK [/stigforge/roles/ubuntu24_stig : Set the file_groupowner_var_log_syslog_newgroup variable if adm found] ***
ok: [localhost]

TASK [/stigforge/roles/ubuntu24_stig : Check that the root group is defined] ***
skipping: [localhost]

TASK [/stigforge/roles/ubuntu24_stig : Set the file_groupowner_var_log_syslog_newgroup variable if root found] ***
skipping: [localhost]

TASK [/stigforge/roles/ubuntu24_stig : Test for existence /var/log/syslog] *****
ok: [localhost]

TASK [/stigforge/roles/ubuntu24_stig : Ensure group owner on /var/log/syslog] ***
skipping: [localhost]

TASK [/stigforge/roles/ubuntu24_stig : Set the file_owner_var_log_newown variable if represented by uid] ***
ok: [localhost]

TASK [/stigforge/roles/ubuntu24_stig : Ensure owner on directory /var/log/] ****
ok: [localhost]

TASK [/stigforge/roles/ubuntu24_stig : Check that the syslog user is defined] ***
fatal: [localhost]: FAILED! => {"changed": false, "msg": "One or more supplied key could not be found in the database."}
...ignoring

TASK [/stigforge/roles/ubuntu24_stig : Set the file_owner_var_log_syslog_newown variable if syslog found] ***
skipping: [localhost]

TASK [/stigforge/roles/ubuntu24_stig : Check that the root user is defined] ****
ok: [localhost]

TASK [/stigforge/roles/ubuntu24_stig : Set the file_owner_var_log_syslog_newown variable if root found] ***
ok: [localhost]

TASK [/stigforge/roles/ubuntu24_stig : Test for existence /var/log/syslog] *****
ok: [localhost]

TASK [/stigforge/roles/ubuntu24_stig : Ensure owner on /var/log/syslog] ********
skipping: [localhost]

TASK [/stigforge/roles/ubuntu24_stig : Find /var/log/ file(s)] *****************
ok: [localhost]

TASK [/stigforge/roles/ubuntu24_stig : Set permissions for /var/log/ file(s)] ***
skipping: [localhost]

TASK [/stigforge/roles/ubuntu24_stig : Test for existence /var/log/syslog] *****
ok: [localhost]

TASK [/stigforge/roles/ubuntu24_stig : Ensure permission u-xs,g-xws,o-xwrt on /var/log/syslog] ***
skipping: [localhost]

TASK [/stigforge/roles/ubuntu24_stig : Set the dir_group_ownership_library_dirs_newgroup variable if represented by gid] ***
ok: [localhost]

TASK [/stigforge/roles/ubuntu24_stig : Ensure group owner on /lib/ recursively] ***
ok: [localhost]

TASK [/stigforge/roles/ubuntu24_stig : Ensure group owner on /lib64/ recursively] ***
ok: [localhost]

TASK [/stigforge/roles/ubuntu24_stig : Ensure group owner on /usr/lib/ recursively] ***
ok: [localhost]

TASK [/stigforge/roles/ubuntu24_stig : Ensure group owner on /usr/lib64/ recursively] ***
ok: [localhost]

TASK [/stigforge/roles/ubuntu24_stig : Set the dir_groupownership_binary_dirs_newgroup variable if represented by gid] ***
ok: [localhost]

TASK [/stigforge/roles/ubuntu24_stig : Ensure group owner on /bin/ recursively] ***
changed: [localhost]

TASK [/stigforge/roles/ubuntu24_stig : Ensure group owner on /sbin/ recursively] ***
changed: [localhost]

TASK [/stigforge/roles/ubuntu24_stig : Ensure group owner on /usr/bin/ recursively] ***
ok: [localhost]

TASK [/stigforge/roles/ubuntu24_stig : Ensure group owner on /usr/sbin/ recursively] ***
ok: [localhost]

TASK [/stigforge/roles/ubuntu24_stig : Ensure group owner on /usr/local/bin/ recursively] ***
ok: [localhost]

TASK [/stigforge/roles/ubuntu24_stig : Ensure group owner on /usr/local/sbin/ recursively] ***
ok: [localhost]

TASK [/stigforge/roles/ubuntu24_stig : Set the dir_ownership_binary_dirs_newown variable if represented by uid] ***
ok: [localhost]

TASK [/stigforge/roles/ubuntu24_stig : Ensure owner on directory /bin/ recursively] ***
ok: [localhost]

TASK [/stigforge/roles/ubuntu24_stig : Ensure owner on directory /sbin/ recursively] ***
ok: [localhost]

TASK [/stigforge/roles/ubuntu24_stig : Ensure owner on directory /usr/bin/ recursively] ***
ok: [localhost]

TASK [/stigforge/roles/ubuntu24_stig : Ensure owner on directory /usr/sbin/ recursively] ***
ok: [localhost]

TASK [/stigforge/roles/ubuntu24_stig : Ensure owner on directory /usr/local/bin/ recursively] ***
ok: [localhost]

TASK [/stigforge/roles/ubuntu24_stig : Ensure owner on directory /usr/local/sbin/ recursively] ***
ok: [localhost]

TASK [/stigforge/roles/ubuntu24_stig : Set the dir_ownership_library_dirs_newown variable if represented by uid] ***
ok: [localhost]

TASK [/stigforge/roles/ubuntu24_stig : Ensure owner on directory /lib/ recursively] ***
ok: [localhost]

TASK [/stigforge/roles/ubuntu24_stig : Ensure owner on directory /lib64/ recursively] ***
ok: [localhost]

TASK [/stigforge/roles/ubuntu24_stig : Ensure owner on directory /usr/lib/ recursively] ***
ok: [localhost]

TASK [/stigforge/roles/ubuntu24_stig : Ensure owner on directory /usr/lib64/ recursively] ***
ok: [localhost]

TASK [/stigforge/roles/ubuntu24_stig : Find /bin/ file(s) recursively] *********
ok: [localhost]

TASK [/stigforge/roles/ubuntu24_stig : Set permissions for /bin/ file(s)] ******
skipping: [localhost]

TASK [/stigforge/roles/ubuntu24_stig : Find /sbin/ file(s) recursively] ********
ok: [localhost]

TASK [/stigforge/roles/ubuntu24_stig : Set permissions for /sbin/ file(s)] *****
skipping: [localhost]

TASK [/stigforge/roles/ubuntu24_stig : Find /usr/bin/ file(s) recursively] *****
ok: [localhost]

TASK [/stigforge/roles/ubuntu24_stig : Set permissions for /usr/bin/ file(s)] ***
skipping: [localhost]

TASK [/stigforge/roles/ubuntu24_stig : Find /usr/sbin/ file(s) recursively] ****
ok: [localhost]

TASK [/stigforge/roles/ubuntu24_stig : Set permissions for /usr/sbin/ file(s)] ***
skipping: [localhost]

TASK [/stigforge/roles/ubuntu24_stig : Find /usr/local/bin/ file(s) recursively] ***
ok: [localhost]

TASK [/stigforge/roles/ubuntu24_stig : Set permissions for /usr/local/bin/ file(s)] ***
skipping: [localhost]

TASK [/stigforge/roles/ubuntu24_stig : Find /usr/local/sbin/ file(s) recursively] ***
ok: [localhost]

TASK [/stigforge/roles/ubuntu24_stig : Set permissions for /usr/local/sbin/ file(s)] ***
skipping: [localhost]

TASK [/stigforge/roles/ubuntu24_stig : Set the file_ownership_library_dirs_newown variable if represented by uid] ***
ok: [localhost]

TASK [/stigforge/roles/ubuntu24_stig : Find /lib/ file(s) matching ^.*$ recursively] ***
ok: [localhost]

TASK [/stigforge/roles/ubuntu24_stig : Ensure owner on /lib/ file(s) matching ^.*$] ***
skipping: [localhost]

TASK [/stigforge/roles/ubuntu24_stig : Find /lib64/ file(s) matching ^.*$ recursively] ***
ok: [localhost]

TASK [/stigforge/roles/ubuntu24_stig : Ensure owner on /lib64/ file(s) matching ^.*$] ***
skipping: [localhost]

TASK [/stigforge/roles/ubuntu24_stig : Find /usr/lib/ file(s) matching ^.*$ recursively] ***
ok: [localhost]

TASK [/stigforge/roles/ubuntu24_stig : Ensure owner on /usr/lib/ file(s) matching ^.*$] ***
skipping: [localhost]

TASK [/stigforge/roles/ubuntu24_stig : Find /usr/lib64/ file(s) matching ^.*$ recursively] ***
ok: [localhost]

TASK [/stigforge/roles/ubuntu24_stig : Ensure owner on /usr/lib64/ file(s) matching ^.*$] ***
skipping: [localhost]

TASK [/stigforge/roles/ubuntu24_stig : Find /lib/ file(s) recursively] *********
ok: [localhost]

TASK [/stigforge/roles/ubuntu24_stig : Set permissions for /lib/ file(s)] ******
skipping: [localhost]

TASK [/stigforge/roles/ubuntu24_stig : Find /lib64/ file(s) recursively] *******
ok: [localhost]

TASK [/stigforge/roles/ubuntu24_stig : Set permissions for /lib64/ file(s)] ****
skipping: [localhost]

TASK [/stigforge/roles/ubuntu24_stig : Find /usr/lib/ file(s) recursively] *****
ok: [localhost]

TASK [/stigforge/roles/ubuntu24_stig : Set permissions for /usr/lib/ file(s)] ***
skipping: [localhost]

TASK [/stigforge/roles/ubuntu24_stig : Find /usr/lib64/ file(s) recursively] ***
ok: [localhost]

TASK [/stigforge/roles/ubuntu24_stig : Set permissions for /usr/lib64/ file(s)] ***
skipping: [localhost]

TASK [/stigforge/roles/ubuntu24_stig : Ensure kernel module 'usb-storage' is disabled] ***
skipping: [localhost]

TASK [/stigforge/roles/ubuntu24_stig : Ensure kernel module 'usb-storage' is blacklisted] ***
skipping: [localhost]

TASK [/stigforge/roles/ubuntu24_stig : List /etc/sysctl.d/*.conf files] ********
skipping: [localhost]

TASK [/stigforge/roles/ubuntu24_stig : Comment out any occurrences of kernel.dmesg_restrict from config files] ***
skipping: [localhost]

TASK [/stigforge/roles/ubuntu24_stig : Comment out any occurrences of kernel.dmesg_restrict from /etc/ufw/sysctl.conf] ***
skipping: [localhost]

TASK [/stigforge/roles/ubuntu24_stig : Ensure sysctl kernel.dmesg_restrict is set to 1] ***
skipping: [localhost]

TASK [/stigforge/roles/ubuntu24_stig : List /etc/sysctl.d/*.conf files] ********
skipping: [localhost]

TASK [/stigforge/roles/ubuntu24_stig : Comment out any occurrences of kernel.randomize_va_space from config files] ***
skipping: [localhost]

TASK [/stigforge/roles/ubuntu24_stig : Comment out any occurrences of kernel.randomize_va_space from /etc/ufw/sysctl.conf] ***
skipping: [localhost]

TASK [/stigforge/roles/ubuntu24_stig : Ensure sysctl kernel.randomize_va_space is set to 2] ***
skipping: [localhost]

TASK [/stigforge/roles/ubuntu24_stig : Detect if chrony is already configured with pools or servers] ***
skipping: [localhost]

TASK [/stigforge/roles/ubuntu24_stig : Configure remote time servers] **********
skipping: [localhost] => (item=0.us.pool.ntp.mil) 
skipping: [localhost]

TASK [/stigforge/roles/ubuntu24_stig : Configure Time Service Maxpoll Interval - Check That /etc/ntp.conf Exist] ***
skipping: [localhost]

TASK [/stigforge/roles/ubuntu24_stig : Configure Time Service Maxpoll Interval - Update the maxpoll Values in /etc/ntp.conf] ***
skipping: [localhost]

TASK [/stigforge/roles/ubuntu24_stig : Configure Time Service Maxpoll Interval - Set the maxpoll Values in /etc/ntp.conf] ***
skipping: [localhost]

TASK [/stigforge/roles/ubuntu24_stig : Configure Time Service Maxpoll Interval - Check That /etc/chrony/chrony.conf Exist] ***
skipping: [localhost]

TASK [/stigforge/roles/ubuntu24_stig : Configure Time Service Maxpoll Interval - Update the maxpoll Values in /etc/chrony/chrony.conf] ***
skipping: [localhost]

TASK [/stigforge/roles/ubuntu24_stig : Configure Time Service Maxpoll Interval - Set the maxpoll Values in /etc/chrony/chrony.conf] ***
skipping: [localhost]

TASK [/stigforge/roles/ubuntu24_stig : Configure Time Service Maxpoll Interval - Get Conf Files from /etc/chrony/conf.d/] ***
skipping: [localhost]

TASK [/stigforge/roles/ubuntu24_stig : Configure Time Service Maxpoll Interval - Update the maxpoll Values in /etc/chrony/conf.d/] ***
skipping: [localhost]

TASK [/stigforge/roles/ubuntu24_stig : Configure Time Service Maxpoll Interval - Set the maxpoll Values in /etc/chrony/conf.d/] ***
skipping: [localhost]

TASK [/stigforge/roles/ubuntu24_stig : Check for duplicate values] *************
skipping: [localhost]

TASK [/stigforge/roles/ubuntu24_stig : Deduplicate values from /etc/chrony/chrony.conf] ***
skipping: [localhost]

TASK [/stigforge/roles/ubuntu24_stig : Insert correct line to /etc/chrony/chrony.conf] ***
skipping: [localhost]

TASK [/stigforge/roles/ubuntu24_stig : Check for duplicate values] *************
skipping: [localhost]

TASK [/stigforge/roles/ubuntu24_stig : Deduplicate values from /etc/ssh/ssh_config] ***
skipping: [localhost]

TASK [/stigforge/roles/ubuntu24_stig : Insert correct line to /etc/ssh/ssh_config] ***
skipping: [localhost]

TASK [/stigforge/roles/ubuntu24_stig : Deduplicate values from /etc/ssh/sshd_config] ***
skipping: [localhost]

TASK [/stigforge/roles/ubuntu24_stig : Check if /etc/ssh/sshd_config.d exists] ***
skipping: [localhost]

TASK [/stigforge/roles/ubuntu24_stig : Check if the parameter ClientAliveCountMax is present in /etc/ssh/sshd_config.d] ***
skipping: [localhost]

TASK [/stigforge/roles/ubuntu24_stig : Remove parameter from files in /etc/ssh/sshd_config.d] ***
skipping: [localhost]

TASK [/stigforge/roles/ubuntu24_stig : Insert correct line to /etc/ssh/sshd_config.d/00-complianceascode-hardening.conf] ***
skipping: [localhost]

TASK [/stigforge/roles/ubuntu24_stig : Set SSH Client Alive Count Max - set file mode for /etc/ssh/sshd_config.d/00-complianceascode-hardening.conf] ***
skipping: [localhost]

TASK [/stigforge/roles/ubuntu24_stig : Deduplicate values from /etc/ssh/sshd_config] ***
skipping: [localhost]

TASK [/stigforge/roles/ubuntu24_stig : Check if /etc/ssh/sshd_config.d exists] ***
skipping: [localhost]

TASK [/stigforge/roles/ubuntu24_stig : Check if the parameter ClientAliveInterval is present in /etc/ssh/sshd_config.d] ***
skipping: [localhost]

TASK [/stigforge/roles/ubuntu24_stig : Remove parameter from files in /etc/ssh/sshd_config.d] ***
skipping: [localhost]

TASK [/stigforge/roles/ubuntu24_stig : Insert correct line to /etc/ssh/sshd_config.d/00-complianceascode-hardening.conf] ***
skipping: [localhost]

TASK [/stigforge/roles/ubuntu24_stig : Set SSH Client Alive Interval - set file mode for /etc/ssh/sshd_config.d/00-complianceascode-hardening.conf] ***
skipping: [localhost]

TASK [/stigforge/roles/ubuntu24_stig : Deduplicate values from /etc/ssh/sshd_config] ***
skipping: [localhost]

TASK [/stigforge/roles/ubuntu24_stig : Check if /etc/ssh/sshd_config.d exists] ***
skipping: [localhost]

TASK [/stigforge/roles/ubuntu24_stig : Check if the parameter PermitEmptyPasswords is present in /etc/ssh/sshd_config.d] ***
skipping: [localhost]

TASK [/stigforge/roles/ubuntu24_stig : Remove parameter from files in /etc/ssh/sshd_config.d] ***
skipping: [localhost]

TASK [/stigforge/roles/ubuntu24_stig : Insert correct line to /etc/ssh/sshd_config.d/01-complianceascode-reinforce-os-defaults.conf] ***
skipping: [localhost]

TASK [/stigforge/roles/ubuntu24_stig : Disable SSH Access via Empty Passwords - set file mode for /etc/ssh/sshd_config.d/01-complianceascode-reinforce-os-defaults.conf] ***
skipping: [localhost]

TASK [/stigforge/roles/ubuntu24_stig : Deduplicate values from /etc/ssh/sshd_config] ***
skipping: [localhost]

TASK [/stigforge/roles/ubuntu24_stig : Check if /etc/ssh/sshd_config.d exists] ***
skipping: [localhost]

TASK [/stigforge/roles/ubuntu24_stig : Check if the parameter X11Forwarding is present in /etc/ssh/sshd_config.d] ***
skipping: [localhost]

TASK [/stigforge/roles/ubuntu24_stig : Remove parameter from files in /etc/ssh/sshd_config.d] ***
skipping: [localhost]

TASK [/stigforge/roles/ubuntu24_stig : Insert correct line to /etc/ssh/sshd_config.d/01-complianceascode-reinforce-os-defaults.conf] ***
skipping: [localhost]

TASK [/stigforge/roles/ubuntu24_stig : Disable X11 Forwarding - set file mode for /etc/ssh/sshd_config.d/01-complianceascode-reinforce-os-defaults.conf] ***
skipping: [localhost]

TASK [/stigforge/roles/ubuntu24_stig : Deduplicate values from /etc/ssh/sshd_config] ***
skipping: [localhost]

TASK [/stigforge/roles/ubuntu24_stig : Check if /etc/ssh/sshd_config.d exists] ***
skipping: [localhost]

TASK [/stigforge/roles/ubuntu24_stig : Check if the parameter PermitUserEnvironment is present in /etc/ssh/sshd_config.d] ***
skipping: [localhost]

TASK [/stigforge/roles/ubuntu24_stig : Remove parameter from files in /etc/ssh/sshd_config.d] ***
skipping: [localhost]

TASK [/stigforge/roles/ubuntu24_stig : Insert correct line to /etc/ssh/sshd_config.d/01-complianceascode-reinforce-os-defaults.conf] ***
skipping: [localhost]

TASK [/stigforge/roles/ubuntu24_stig : Do Not Allow SSH Environment Options - set file mode for /etc/ssh/sshd_config.d/01-complianceascode-reinforce-os-defaults.conf] ***
skipping: [localhost]

TASK [/stigforge/roles/ubuntu24_stig : Deduplicate values from /etc/ssh/sshd_config] ***
skipping: [localhost]

TASK [/stigforge/roles/ubuntu24_stig : Check if /etc/ssh/sshd_config.d exists] ***
skipping: [localhost]

TASK [/stigforge/roles/ubuntu24_stig : Check if the parameter UsePAM is present in /etc/ssh/sshd_config.d] ***
skipping: [localhost]

TASK [/stigforge/roles/ubuntu24_stig : Remove parameter from files in /etc/ssh/sshd_config.d] ***
skipping: [localhost]

TASK [/stigforge/roles/ubuntu24_stig : Insert correct line to /etc/ssh/sshd_config.d/00-complianceascode-hardening.conf] ***
skipping: [localhost]

TASK [/stigforge/roles/ubuntu24_stig : Enable PAM - set file mode for /etc/ssh/sshd_config.d/00-complianceascode-hardening.conf] ***
skipping: [localhost]

TASK [/stigforge/roles/ubuntu24_stig : Deduplicate values from /etc/ssh/sshd_config] ***
skipping: [localhost]

TASK [/stigforge/roles/ubuntu24_stig : Check if /etc/ssh/sshd_config.d exists] ***
skipping: [localhost]

TASK [/stigforge/roles/ubuntu24_stig : Check if the parameter PubkeyAuthentication is present in /etc/ssh/sshd_config.d] ***
skipping: [localhost]

TASK [/stigforge/roles/ubuntu24_stig : Remove parameter from files in /etc/ssh/sshd_config.d] ***
skipping: [localhost]

TASK [/stigforge/roles/ubuntu24_stig : Insert correct line to /etc/ssh/sshd_config.d/00-complianceascode-hardening.conf] ***
skipping: [localhost]

TASK [/stigforge/roles/ubuntu24_stig : Enable Public Key Authentication - set file mode for /etc/ssh/sshd_config.d/00-complianceascode-hardening.conf] ***
skipping: [localhost]

TASK [/stigforge/roles/ubuntu24_stig : Deduplicate values from /etc/ssh/sshd_config] ***
skipping: [localhost]

TASK [/stigforge/roles/ubuntu24_stig : Check if /etc/ssh/sshd_config.d exists] ***
skipping: [localhost]

TASK [/stigforge/roles/ubuntu24_stig : Check if the parameter Banner is present in /etc/ssh/sshd_config.d] ***
skipping: [localhost]

TASK [/stigforge/roles/ubuntu24_stig : Remove parameter from files in /etc/ssh/sshd_config.d] ***
skipping: [localhost]

TASK [/stigforge/roles/ubuntu24_stig : Insert correct line to /etc/ssh/sshd_config.d/00-complianceascode-hardening.conf] ***
skipping: [localhost]

TASK [/stigforge/roles/ubuntu24_stig : Enable SSH Warning Banner - set file mode for /etc/ssh/sshd_config.d/00-complianceascode-hardening.conf] ***
skipping: [localhost]

TASK [/stigforge/roles/ubuntu24_stig : Deduplicate values from /etc/ssh/sshd_config] ***
skipping: [localhost]

TASK [/stigforge/roles/ubuntu24_stig : Check if /etc/ssh/sshd_config.d exists] ***
skipping: [localhost]

TASK [/stigforge/roles/ubuntu24_stig : Check if the parameter Ciphers is present in /etc/ssh/sshd_config.d] ***
skipping: [localhost]

TASK [/stigforge/roles/ubuntu24_stig : Remove parameter from files in /etc/ssh/sshd_config.d] ***
skipping: [localhost]

TASK [/stigforge/roles/ubuntu24_stig : Insert correct line to /etc/ssh/sshd_config.d/00-complianceascode-hardening.conf] ***
skipping: [localhost]

TASK [/stigforge/roles/ubuntu24_stig : Use Only FIPS 140-2 Validated Ciphers - set file mode for /etc/ssh/sshd_config.d/00-complianceascode-hardening.conf] ***
skipping: [localhost]

TASK [/stigforge/roles/ubuntu24_stig : Configure sshd to use FIPS 140-2 approved key exchange algorithms] ***
skipping: [localhost]

TASK [/stigforge/roles/ubuntu24_stig : Deduplicate values from /etc/ssh/sshd_config] ***
skipping: [localhost]

TASK [/stigforge/roles/ubuntu24_stig : Check if /etc/ssh/sshd_config.d exists] ***
skipping: [localhost]

TASK [/stigforge/roles/ubuntu24_stig : Check if the parameter Macs is present in /etc/ssh/sshd_config.d] ***
skipping: [localhost]

TASK [/stigforge/roles/ubuntu24_stig : Remove parameter from files in /etc/ssh/sshd_config.d] ***
skipping: [localhost]

TASK [/stigforge/roles/ubuntu24_stig : Insert correct line to /etc/ssh/sshd_config.d/00-complianceascode-hardening.conf] ***
skipping: [localhost]

TASK [/stigforge/roles/ubuntu24_stig : Use Only FIPS 140-2 Validated MACs - set file mode for /etc/ssh/sshd_config.d/00-complianceascode-hardening.conf] ***
skipping: [localhost]

TASK [/stigforge/roles/ubuntu24_stig : Deduplicate values from /etc/ssh/sshd_config] ***
skipping: [localhost]

TASK [/stigforge/roles/ubuntu24_stig : Check if /etc/ssh/sshd_config.d exists] ***
skipping: [localhost]

TASK [/stigforge/roles/ubuntu24_stig : Check if the parameter X11UseLocalhost is present in /etc/ssh/sshd_config.d] ***
skipping: [localhost]

TASK [/stigforge/roles/ubuntu24_stig : Remove parameter from files in /etc/ssh/sshd_config.d] ***
skipping: [localhost]

TASK [/stigforge/roles/ubuntu24_stig : Insert correct line to /etc/ssh/sshd_config.d/01-complianceascode-reinforce-os-defaults.conf] ***
skipping: [localhost]

TASK [/stigforge/roles/ubuntu24_stig : Prevent remote hosts from connecting to the proxy display - set file mode for /etc/ssh/sshd_config.d/01-complianceascode-reinforce-os-defaults.conf] ***
skipping: [localhost]

TASK [/stigforge/roles/ubuntu24_stig : Configure PAM in SSSD Services - Find all the conf files inside the /etc/sssd/conf.d/ directory] ***
skipping: [localhost]

TASK [/stigforge/roles/ubuntu24_stig : Configure PAM in SSSD Services - Modify lines in files in the /etc/sssd/conf.d/ directory] ***
skipping: [localhost]

TASK [/stigforge/roles/ubuntu24_stig : Configure PAM in SSSD Services - Find /etc/sssd/sssd.conf] ***
skipping: [localhost]

TASK [/stigforge/roles/ubuntu24_stig : Configure PAM in SSSD Services - Modify lines in /etc/sssd/sssd.conf] ***
skipping: [localhost]

TASK [/stigforge/roles/ubuntu24_stig : Configure PAM in SSSD Services - Find services key in /etc/sssd/sssd.conf] ***
skipping: [localhost]

TASK [/stigforge/roles/ubuntu24_stig : Configure PAM in SSSD Services - Insert entry to /etc/sssd/sssd.conf] ***
skipping: [localhost]

TASK [/stigforge/roles/ubuntu24_stig : Test for domain group] ******************
skipping: [localhost]

TASK [/stigforge/roles/ubuntu24_stig : Add default domain group (if no domain there)] ***
skipping: [localhost] => (item={'section': 'sssd', 'option': 'domains', 'value': 'default'}) 
skipping: [localhost] => (item={'section': 'domain/default', 'option': 'id_provider', 'value': 'files'}) 
skipping: [localhost]

TASK [/stigforge/roles/ubuntu24_stig : Configure SSD to Expire Offline Credentials] ***
skipping: [localhost]

TASK [/stigforge/roles/ubuntu24_stig : Find all the conf files inside /etc/sssd/conf.d/] ***
skipping: [localhost]

TASK [/stigforge/roles/ubuntu24_stig : Fix offline_credentials_expiration configuration in /etc/sssd/conf.d/] ***
skipping: [localhost]

TASK [/stigforge/roles/ubuntu24_stig : Collect all files from /etc/audit/rules.d with .rules extension] ***
skipping: [localhost]

TASK [/stigforge/roles/ubuntu24_stig : Remove the -e option from all Audit config files] ***
skipping: [localhost]

TASK [/stigforge/roles/ubuntu24_stig : Add Audit -e option into /etc/audit/rules.d/immutable.rules and /etc/audit/audit.rules] ***
skipping: [localhost] => (item=/etc/audit/audit.rules) 
skipping: [localhost] => (item=/etc/audit/rules.d/immutable.rules) 
skipping: [localhost]

TASK [/stigforge/roles/ubuntu24_stig : Record Attempts to Alter Process and Session Initiation Information btmp - Check if watch rule for /var/log/btmp already exists in /etc/audit/rules.d/] ***
skipping: [localhost]

TASK [/stigforge/roles/ubuntu24_stig : Record Attempts to Alter Process and Session Initiation Information btmp - Search /etc/audit/rules.d for other rules with specified key session] ***
skipping: [localhost]

TASK [/stigforge/roles/ubuntu24_stig : Record Attempts to Alter Process and Session Initiation Information btmp - Use /etc/audit/rules.d/session.rules as the recipient for the rule] ***
skipping: [localhost]

TASK [/stigforge/roles/ubuntu24_stig : Record Attempts to Alter Process and Session Initiation Information btmp - Use matched file as the recipient for the rule] ***
skipping: [localhost]

TASK [/stigforge/roles/ubuntu24_stig : Record Attempts to Alter Process and Session Initiation Information btmp - Add watch rule for /var/log/btmp in /etc/audit/rules.d/] ***
skipping: [localhost]

TASK [/stigforge/roles/ubuntu24_stig : Record Attempts to Alter Process and Session Initiation Information btmp - Check if watch rule for /var/log/btmp already exists in /etc/audit/audit.rules] ***
skipping: [localhost]

TASK [/stigforge/roles/ubuntu24_stig : Record Attempts to Alter Process and Session Initiation Information btmp - Add watch rule for /var/log/btmp in /etc/audit/audit.rules] ***
skipping: [localhost]

TASK [/stigforge/roles/ubuntu24_stig : Record Attempts to Alter Process and Session Initiation Information utmp - Check if watch rule for /var/run/utmp already exists in /etc/audit/rules.d/] ***
skipping: [localhost]

TASK [/stigforge/roles/ubuntu24_stig : Record Attempts to Alter Process and Session Initiation Information utmp - Search /etc/audit/rules.d for other rules with specified key session] ***
skipping: [localhost]

TASK [/stigforge/roles/ubuntu24_stig : Record Attempts to Alter Process and Session Initiation Information utmp - Use /etc/audit/rules.d/session.rules as the recipient for the rule] ***
skipping: [localhost]

TASK [/stigforge/roles/ubuntu24_stig : Record Attempts to Alter Process and Session Initiation Information utmp - Use matched file as the recipient for the rule] ***
skipping: [localhost]

TASK [/stigforge/roles/ubuntu24_stig : Record Attempts to Alter Process and Session Initiation Information utmp - Add watch rule for /var/run/utmp in /etc/audit/rules.d/] ***
skipping: [localhost]

TASK [/stigforge/roles/ubuntu24_stig : Record Attempts to Alter Process and Session Initiation Information utmp - Check if watch rule for /var/run/utmp already exists in /etc/audit/audit.rules] ***
skipping: [localhost]

TASK [/stigforge/roles/ubuntu24_stig : Record Attempts to Alter Process and Session Initiation Information utmp - Add watch rule for /var/run/utmp in /etc/audit/audit.rules] ***
skipping: [localhost]

TASK [/stigforge/roles/ubuntu24_stig : Record Attempts to Alter Process and Session Initiation Information wtmp - Check if watch rule for /var/log/wtmp already exists in /etc/audit/rules.d/] ***
skipping: [localhost]

TASK [/stigforge/roles/ubuntu24_stig : Record Attempts to Alter Process and Session Initiation Information wtmp - Search /etc/audit/rules.d for other rules with specified key session] ***
skipping: [localhost]

TASK [/stigforge/roles/ubuntu24_stig : Record Attempts to Alter Process and Session Initiation Information wtmp - Use /etc/audit/rules.d/session.rules as the recipient for the rule] ***
skipping: [localhost]

TASK [/stigforge/roles/ubuntu24_stig : Record Attempts to Alter Process and Session Initiation Information wtmp - Use matched file as the recipient for the rule] ***
skipping: [localhost]

TASK [/stigforge/roles/ubuntu24_stig : Record Attempts to Alter Process and Session Initiation Information wtmp - Add watch rule for /var/log/wtmp in /etc/audit/rules.d/] ***
skipping: [localhost]

TASK [/stigforge/roles/ubuntu24_stig : Record Attempts to Alter Process and Session Initiation Information wtmp - Check if watch rule for /var/log/wtmp already exists in /etc/audit/audit.rules] ***
skipping: [localhost]

TASK [/stigforge/roles/ubuntu24_stig : Record Attempts to Alter Process and Session Initiation Information wtmp - Add watch rule for /var/log/wtmp in /etc/audit/audit.rules] ***
skipping: [localhost]

TASK [/stigforge/roles/ubuntu24_stig : Ensure auditd Collects System Administrator Actions - /etc/sudoers - Check if watch rule for /etc/sudoers already exists in /etc/audit/rules.d/] ***
skipping: [localhost]

TASK [/stigforge/roles/ubuntu24_stig : Ensure auditd Collects System Administrator Actions - /etc/sudoers - Search /etc/audit/rules.d for other rules with specified key actions] ***
skipping: [localhost]

TASK [/stigforge/roles/ubuntu24_stig : Ensure auditd Collects System Administrator Actions - /etc/sudoers - Use /etc/audit/rules.d/actions.rules as the recipient for the rule] ***
skipping: [localhost]

TASK [/stigforge/roles/ubuntu24_stig : Ensure auditd Collects System Administrator Actions - /etc/sudoers - Use matched file as the recipient for the rule] ***
skipping: [localhost]

TASK [/stigforge/roles/ubuntu24_stig : Ensure auditd Collects System Administrator Actions - /etc/sudoers - Add watch rule for /etc/sudoers in /etc/audit/rules.d/] ***
skipping: [localhost]

TASK [/stigforge/roles/ubuntu24_stig : Ensure auditd Collects System Administrator Actions - /etc/sudoers - Check if watch rule for /etc/sudoers already exists in /etc/audit/audit.rules] ***
skipping: [localhost]

TASK [/stigforge/roles/ubuntu24_stig : Ensure auditd Collects System Administrator Actions - /etc/sudoers - Add watch rule for /etc/sudoers in /etc/audit/audit.rules] ***
skipping: [localhost]

TASK [/stigforge/roles/ubuntu24_stig : Ensure auditd Collects System Administrator Actions - /etc/sudoers.d/ - Check if watch rule for /etc/sudoers.d/ already exists in /etc/audit/rules.d/] ***
skipping: [localhost]

TASK [/stigforge/roles/ubuntu24_stig : Ensure auditd Collects System Administrator Actions - /etc/sudoers.d/ - Search /etc/audit/rules.d for other rules with specified key actions] ***
skipping: [localhost]

TASK [/stigforge/roles/ubuntu24_stig : Ensure auditd Collects System Administrator Actions - /etc/sudoers.d/ - Use /etc/audit/rules.d/actions.rules as the recipient for the rule] ***
skipping: [localhost]

TASK [/stigforge/roles/ubuntu24_stig : Ensure auditd Collects System Administrator Actions - /etc/sudoers.d/ - Use matched file as the recipient for the rule] ***
skipping: [localhost]

TASK [/stigforge/roles/ubuntu24_stig : Ensure auditd Collects System Administrator Actions - /etc/sudoers.d/ - Add watch rule for /etc/sudoers.d/ in /etc/audit/rules.d/] ***
skipping: [localhost]

TASK [/stigforge/roles/ubuntu24_stig : Ensure auditd Collects System Administrator Actions - /etc/sudoers.d/ - Check if watch rule for /etc/sudoers.d/ already exists in /etc/audit/audit.rules] ***
skipping: [localhost]

TASK [/stigforge/roles/ubuntu24_stig : Ensure auditd Collects System Administrator Actions - /etc/sudoers.d/ - Add watch rule for /etc/sudoers.d/ in /etc/audit/audit.rules] ***
skipping: [localhost]

TASK [/stigforge/roles/ubuntu24_stig : Set suid_audit_rules fact] **************
skipping: [localhost]

TASK [/stigforge/roles/ubuntu24_stig : Update /etc/audit/rules.d/privileged.rules to audit privileged functions] ***
skipping: [localhost]

TASK [/stigforge/roles/ubuntu24_stig : Update /etc/audit/audit.rules to audit privileged functions] ***
skipping: [localhost]

TASK [/stigforge/roles/ubuntu24_stig : Restart Auditd] *************************
skipping: [localhost]

TASK [/stigforge/roles/ubuntu24_stig : Record Events that Modify User/Group Information - /etc/group - Check if watch rule for /etc/group already exists in /etc/audit/rules.d/] ***
skipping: [localhost]

TASK [/stigforge/roles/ubuntu24_stig : Record Events that Modify User/Group Information - /etc/group - Search /etc/audit/rules.d for other rules with specified key audit_rules_usergroup_modification] ***
skipping: [localhost]

TASK [/stigforge/roles/ubuntu24_stig : Record Events that Modify User/Group Information - /etc/group - Use /etc/audit/rules.d/audit_rules_usergroup_modification.rules as the recipient for the rule] ***
skipping: [localhost]

TASK [/stigforge/roles/ubuntu24_stig : Record Events that Modify User/Group Information - /etc/group - Use matched file as the recipient for the rule] ***
skipping: [localhost]

TASK [/stigforge/roles/ubuntu24_stig : Record Events that Modify User/Group Information - /etc/group - Add watch rule for /etc/group in /etc/audit/rules.d/] ***
skipping: [localhost]

TASK [/stigforge/roles/ubuntu24_stig : Record Events that Modify User/Group Information - /etc/group - Check if watch rule for /etc/group already exists in /etc/audit/audit.rules] ***
skipping: [localhost]

TASK [/stigforge/roles/ubuntu24_stig : Record Events that Modify User/Group Information - /etc/group - Add watch rule for /etc/group in /etc/audit/audit.rules] ***
skipping: [localhost]

TASK [/stigforge/roles/ubuntu24_stig : Record Events that Modify User/Group Information - /etc/gshadow - Check if watch rule for /etc/gshadow already exists in /etc/audit/rules.d/] ***
skipping: [localhost]

TASK [/stigforge/roles/ubuntu24_stig : Record Events that Modify User/Group Information - /etc/gshadow - Search /etc/audit/rules.d for other rules with specified key audit_rules_usergroup_modification] ***
skipping: [localhost]

TASK [/stigforge/roles/ubuntu24_stig : Record Events that Modify User/Group Information - /etc/gshadow - Use /etc/audit/rules.d/audit_rules_usergroup_modification.rules as the recipient for the rule] ***
skipping: [localhost]

TASK [/stigforge/roles/ubuntu24_stig : Record Events that Modify User/Group Information - /etc/gshadow - Use matched file as the recipient for the rule] ***
skipping: [localhost]

TASK [/stigforge/roles/ubuntu24_stig : Record Events that Modify User/Group Information - /etc/gshadow - Add watch rule for /etc/gshadow in /etc/audit/rules.d/] ***
skipping: [localhost]

TASK [/stigforge/roles/ubuntu24_stig : Record Events that Modify User/Group Information - /etc/gshadow - Check if watch rule for /etc/gshadow already exists in /etc/audit/audit.rules] ***
skipping: [localhost]

TASK [/stigforge/roles/ubuntu24_stig : Record Events that Modify User/Group Information - /etc/gshadow - Add watch rule for /etc/gshadow in /etc/audit/audit.rules] ***
skipping: [localhost]

TASK [/stigforge/roles/ubuntu24_stig : Record Events that Modify User/Group Information - /etc/security/opasswd - Check if watch rule for /etc/security/opasswd already exists in /etc/audit/rules.d/] ***
skipping: [localhost]

TASK [/stigforge/roles/ubuntu24_stig : Record Events that Modify User/Group Information - /etc/security/opasswd - Search /etc/audit/rules.d for other rules with specified key audit_rules_usergroup_modification] ***
skipping: [localhost]

TASK [/stigforge/roles/ubuntu24_stig : Record Events that Modify User/Group Information - /etc/security/opasswd - Use /etc/audit/rules.d/audit_rules_usergroup_modification.rules as the recipient for the rule] ***
skipping: [localhost]

TASK [/stigforge/roles/ubuntu24_stig : Record Events that Modify User/Group Information - /etc/security/opasswd - Use matched file as the recipient for the rule] ***
skipping: [localhost]

TASK [/stigforge/roles/ubuntu24_stig : Record Events that Modify User/Group Information - /etc/security/opasswd - Add watch rule for /etc/security/opasswd in /etc/audit/rules.d/] ***
skipping: [localhost]

TASK [/stigforge/roles/ubuntu24_stig : Record Events that Modify User/Group Information - /etc/security/opasswd - Check if watch rule for /etc/security/opasswd already exists in /etc/audit/audit.rules] ***
skipping: [localhost]

TASK [/stigforge/roles/ubuntu24_stig : Record Events that Modify User/Group Information - /etc/security/opasswd - Add watch rule for /etc/security/opasswd in /etc/audit/audit.rules] ***
skipping: [localhost]

TASK [/stigforge/roles/ubuntu24_stig : Record Events that Modify User/Group Information - /etc/passwd - Check if watch rule for /etc/passwd already exists in /etc/audit/rules.d/] ***
skipping: [localhost]

TASK [/stigforge/roles/ubuntu24_stig : Record Events that Modify User/Group Information - /etc/passwd - Search /etc/audit/rules.d for other rules with specified key audit_rules_usergroup_modification_passwd] ***
skipping: [localhost]

TASK [/stigforge/roles/ubuntu24_stig : Record Events that Modify User/Group Information - /etc/passwd - Use /etc/audit/rules.d/audit_rules_usergroup_modification_passwd.rules as the recipient for the rule] ***
skipping: [localhost]

TASK [/stigforge/roles/ubuntu24_stig : Record Events that Modify User/Group Information - /etc/passwd - Use matched file as the recipient for the rule] ***
skipping: [localhost]

TASK [/stigforge/roles/ubuntu24_stig : Record Events that Modify User/Group Information - /etc/passwd - Add watch rule for /etc/passwd in /etc/audit/rules.d/] ***
skipping: [localhost]

TASK [/stigforge/roles/ubuntu24_stig : Record Events that Modify User/Group Information - /etc/passwd - Check if watch rule for /etc/passwd already exists in /etc/audit/audit.rules] ***
skipping: [localhost]

TASK [/stigforge/roles/ubuntu24_stig : Record Events that Modify User/Group Information - /etc/passwd - Add watch rule for /etc/passwd in /etc/audit/audit.rules] ***
skipping: [localhost]

TASK [/stigforge/roles/ubuntu24_stig : Record Events that Modify User/Group Information - /etc/shadow - Check if watch rule for /etc/shadow already exists in /etc/audit/rules.d/] ***
skipping: [localhost]

TASK [/stigforge/roles/ubuntu24_stig : Record Events that Modify User/Group Information - /etc/shadow - Search /etc/audit/rules.d for other rules with specified key audit_rules_usergroup_modification] ***
skipping: [localhost]

TASK [/stigforge/roles/ubuntu24_stig : Record Events that Modify User/Group Information - /etc/shadow - Use /etc/audit/rules.d/audit_rules_usergroup_modification.rules as the recipient for the rule] ***
skipping: [localhost]

TASK [/stigforge/roles/ubuntu24_stig : Record Events that Modify User/Group Information - /etc/shadow - Use matched file as the recipient for the rule] ***
skipping: [localhost]

TASK [/stigforge/roles/ubuntu24_stig : Record Events that Modify User/Group Information - /etc/shadow - Add watch rule for /etc/shadow in /etc/audit/rules.d/] ***
skipping: [localhost]

TASK [/stigforge/roles/ubuntu24_stig : Record Events that Modify User/Group Information - /etc/shadow - Check if watch rule for /etc/shadow already exists in /etc/audit/audit.rules] ***
skipping: [localhost]

TASK [/stigforge/roles/ubuntu24_stig : Record Events that Modify User/Group Information - /etc/shadow - Add watch rule for /etc/shadow in /etc/audit/audit.rules] ***
skipping: [localhost]

TASK [/stigforge/roles/ubuntu24_stig : Ensure auditd Collects records for events that affect "/var/log/journal" - Check if watch rule for /var/log/journal/ already exists in /etc/audit/rules.d/] ***
skipping: [localhost]

TASK [/stigforge/roles/ubuntu24_stig : Ensure auditd Collects records for events that affect "/var/log/journal" - Search /etc/audit/rules.d for other rules with specified key audit_rules_var_log_journal] ***
skipping: [localhost]

TASK [/stigforge/roles/ubuntu24_stig : Ensure auditd Collects records for events that affect "/var/log/journal" - Use /etc/audit/rules.d/audit_rules_var_log_journal.rules as the recipient for the rule] ***
skipping: [localhost]

TASK [/stigforge/roles/ubuntu24_stig : Ensure auditd Collects records for events that affect "/var/log/journal" - Use matched file as the recipient for the rule] ***
skipping: [localhost]

TASK [/stigforge/roles/ubuntu24_stig : Ensure auditd Collects records for events that affect "/var/log/journal" - Add watch rule for /var/log/journal/ in /etc/audit/rules.d/] ***
skipping: [localhost]

TASK [/stigforge/roles/ubuntu24_stig : Ensure auditd Collects records for events that affect "/var/log/journal" - Check if watch rule for /var/log/journal/ already exists in /etc/audit/audit.rules] ***
skipping: [localhost]

TASK [/stigforge/roles/ubuntu24_stig : Ensure auditd Collects records for events that affect "/var/log/journal" - Add watch rule for /var/log/journal/ in /etc/audit/audit.rules] ***
skipping: [localhost]

TASK [/stigforge/roles/ubuntu24_stig : Record Attempts to perform maintenance activities - Check if watch rule for /var/log/sudo.log already exists in /etc/audit/rules.d/] ***
skipping: [localhost]

TASK [/stigforge/roles/ubuntu24_stig : Record Attempts to perform maintenance activities - Search /etc/audit/rules.d for other rules with specified key maintenance] ***
skipping: [localhost]

TASK [/stigforge/roles/ubuntu24_stig : Record Attempts to perform maintenance activities - Use /etc/audit/rules.d/maintenance.rules as the recipient for the rule] ***
skipping: [localhost]

TASK [/stigforge/roles/ubuntu24_stig : Record Attempts to perform maintenance activities - Use matched file as the recipient for the rule] ***
skipping: [localhost]

TASK [/stigforge/roles/ubuntu24_stig : Record Attempts to perform maintenance activities - Add watch rule for /var/log/sudo.log in /etc/audit/rules.d/] ***
skipping: [localhost]

TASK [/stigforge/roles/ubuntu24_stig : Record Attempts to perform maintenance activities - Check if watch rule for /var/log/sudo.log already exists in /etc/audit/audit.rules] ***
skipping: [localhost]

TASK [/stigforge/roles/ubuntu24_stig : Record Attempts to perform maintenance activities - Add watch rule for /var/log/sudo.log in /etc/audit/audit.rules] ***
skipping: [localhost]

TASK [/stigforge/roles/ubuntu24_stig : Set the file_groupownership_audit_configuration_newgroup variable if represented by gid] ***
skipping: [localhost]

TASK [/stigforge/roles/ubuntu24_stig : Find /etc/audit/ file(s) matching ^.*audit(\.rules|d\.conf)$] ***
skipping: [localhost]

TASK [/stigforge/roles/ubuntu24_stig : Ensure group owner on /etc/audit/ file(s) matching ^.*audit(\.rules|d\.conf)$] ***
skipping: [localhost]

TASK [/stigforge/roles/ubuntu24_stig : Find /etc/audit/rules.d/ file(s) matching ^.*\.rules$] ***
skipping: [localhost]

TASK [/stigforge/roles/ubuntu24_stig : Ensure group owner on /etc/audit/rules.d/ file(s) matching ^.*\.rules$] ***
skipping: [localhost]

TASK [/stigforge/roles/ubuntu24_stig : Set the file_ownership_audit_configuration_newown variable if represented by uid] ***
skipping: [localhost]

TASK [/stigforge/roles/ubuntu24_stig : Find /etc/audit/ file(s) matching ^.*audit(\.rules|d\.conf)$] ***
skipping: [localhost]

TASK [/stigforge/roles/ubuntu24_stig : Ensure owner on /etc/audit/ file(s) matching ^.*audit(\.rules|d\.conf)$] ***
skipping: [localhost]

TASK [/stigforge/roles/ubuntu24_stig : Find /etc/audit/rules.d/ file(s) matching ^.*\.rules$] ***
skipping: [localhost]

TASK [/stigforge/roles/ubuntu24_stig : Ensure owner on /etc/audit/rules.d/ file(s) matching ^.*\.rules$] ***
skipping: [localhost]

TASK [/stigforge/roles/ubuntu24_stig : Set architecture for audit chmod tasks] ***
skipping: [localhost]

TASK [/stigforge/roles/ubuntu24_stig : Declare list of syscalls] ***************
skipping: [localhost]

TASK [/stigforge/roles/ubuntu24_stig : Check existence of chmod in /etc/audit/rules.d/] ***
skipping: [localhost]

TASK [/stigforge/roles/ubuntu24_stig : Reset syscalls found per file] **********
skipping: [localhost]

TASK [/stigforge/roles/ubuntu24_stig : Declare syscalls found per file] ********
skipping: [localhost]

TASK [/stigforge/roles/ubuntu24_stig : Declare files where syscalls were found] ***
skipping: [localhost]

TASK [/stigforge/roles/ubuntu24_stig : Count occurrences of syscalls in paths] ***
skipping: [localhost]

TASK [/stigforge/roles/ubuntu24_stig : Get path with most syscalls] ************
skipping: [localhost]

TASK [/stigforge/roles/ubuntu24_stig : No file with syscall found, set path to /etc/audit/rules.d/perm_mod.rules] ***
skipping: [localhost]

TASK [/stigforge/roles/ubuntu24_stig : Declare found syscalls] *****************
skipping: [localhost]

TASK [/stigforge/roles/ubuntu24_stig : Declare missing syscalls] ***************
skipping: [localhost]

TASK [/stigforge/roles/ubuntu24_stig : Replace the audit rule in {{ audit_file }}] ***
skipping: [localhost]

TASK [/stigforge/roles/ubuntu24_stig : Add the audit rule to {{ audit_file }}] ***
skipping: [localhost]

TASK [/stigforge/roles/ubuntu24_stig : Declare list of syscalls] ***************
skipping: [localhost]

TASK [/stigforge/roles/ubuntu24_stig : Check existence of chmod in /etc/audit/audit.rules] ***
skipping: [localhost]

TASK [/stigforge/roles/ubuntu24_stig : Set path to /etc/audit/audit.rules] *****
skipping: [localhost]

TASK [/stigforge/roles/ubuntu24_stig : Declare found syscalls] *****************
skipping: [localhost]

TASK [/stigforge/roles/ubuntu24_stig : Declare missing syscalls] ***************
skipping: [localhost]

TASK [/stigforge/roles/ubuntu24_stig : Replace the audit rule in {{ audit_file }}] ***
skipping: [localhost]

TASK [/stigforge/roles/ubuntu24_stig : Add the audit rule to {{ audit_file }}] ***
skipping: [localhost]

TASK [/stigforge/roles/ubuntu24_stig : Declare list of syscalls] ***************
skipping: [localhost]

TASK [/stigforge/roles/ubuntu24_stig : Check existence of chmod in /etc/audit/rules.d/] ***
skipping: [localhost]

TASK [/stigforge/roles/ubuntu24_stig : Reset syscalls found per file] **********
skipping: [localhost]

TASK [/stigforge/roles/ubuntu24_stig : Declare syscalls found per file] ********
skipping: [localhost]

TASK [/stigforge/roles/ubuntu24_stig : Declare files where syscalls were found] ***
skipping: [localhost]

TASK [/stigforge/roles/ubuntu24_stig : Count occurrences of syscalls in paths] ***
skipping: [localhost]

TASK [/stigforge/roles/ubuntu24_stig : Get path with most syscalls] ************
skipping: [localhost]

TASK [/stigforge/roles/ubuntu24_stig : No file with syscall found, set path to /etc/audit/rules.d/perm_mod.rules] ***
skipping: [localhost]

TASK [/stigforge/roles/ubuntu24_stig : Declare found syscalls] *****************
skipping: [localhost]

TASK [/stigforge/roles/ubuntu24_stig : Declare missing syscalls] ***************
skipping: [localhost]

TASK [/stigforge/roles/ubuntu24_stig : Replace the audit rule in {{ audit_file }}] ***
skipping: [localhost]

TASK [/stigforge/roles/ubuntu24_stig : Add the audit rule to {{ audit_file }}] ***
skipping: [localhost]

TASK [/stigforge/roles/ubuntu24_stig : Declare list of syscalls] ***************
skipping: [localhost]

TASK [/stigforge/roles/ubuntu24_stig : Check existence of chmod in /etc/audit/audit.rules] ***
skipping: [localhost]

TASK [/stigforge/roles/ubuntu24_stig : Set path to /etc/audit/audit.rules] *****
skipping: [localhost]

TASK [/stigforge/roles/ubuntu24_stig : Declare found syscalls] *****************
skipping: [localhost]

TASK [/stigforge/roles/ubuntu24_stig : Declare missing syscalls] ***************
skipping: [localhost]

TASK [/stigforge/roles/ubuntu24_stig : Replace the audit rule in {{ audit_file }}] ***
skipping: [localhost]

TASK [/stigforge/roles/ubuntu24_stig : Add the audit rule to {{ audit_file }}] ***
skipping: [localhost]

TASK [/stigforge/roles/ubuntu24_stig : Set architecture for audit chown tasks] ***
skipping: [localhost]

TASK [/stigforge/roles/ubuntu24_stig : Declare list of syscalls] ***************
skipping: [localhost]

TASK [/stigforge/roles/ubuntu24_stig : Check existence of chown in /etc/audit/rules.d/] ***
skipping: [localhost]

TASK [/stigforge/roles/ubuntu24_stig : Reset syscalls found per file] **********
skipping: [localhost]

TASK [/stigforge/roles/ubuntu24_stig : Declare syscalls found per file] ********
skipping: [localhost]

TASK [/stigforge/roles/ubuntu24_stig : Declare files where syscalls were found] ***
skipping: [localhost]

TASK [/stigforge/roles/ubuntu24_stig : Count occurrences of syscalls in paths] ***
skipping: [localhost]

TASK [/stigforge/roles/ubuntu24_stig : Get path with most syscalls] ************
skipping: [localhost]

TASK [/stigforge/roles/ubuntu24_stig : No file with syscall found, set path to /etc/audit/rules.d/perm_mod.rules] ***
skipping: [localhost]

TASK [/stigforge/roles/ubuntu24_stig : Declare found syscalls] *****************
skipping: [localhost]

TASK [/stigforge/roles/ubuntu24_stig : Declare missing syscalls] ***************
skipping: [localhost]

TASK [/stigforge/roles/ubuntu24_stig : Replace the audit rule in {{ audit_file }}] ***
skipping: [localhost]

TASK [/stigforge/roles/ubuntu24_stig : Add the audit rule to {{ audit_file }}] ***
skipping: [localhost]

TASK [/stigforge/roles/ubuntu24_stig : Declare list of syscalls] ***************
skipping: [localhost]

TASK [/stigforge/roles/ubuntu24_stig : Check existence of chown in /etc/audit/audit.rules] ***
skipping: [localhost]

TASK [/stigforge/roles/ubuntu24_stig : Set path to /etc/audit/audit.rules] *****
skipping: [localhost]

TASK [/stigforge/roles/ubuntu24_stig : Declare found syscalls] *****************
skipping: [localhost]

TASK [/stigforge/roles/ubuntu24_stig : Declare missing syscalls] ***************
skipping: [localhost]

TASK [/stigforge/roles/ubuntu24_stig : Replace the audit rule in {{ audit_file }}] ***
skipping: [localhost]

TASK [/stigforge/roles/ubuntu24_stig : Add the audit rule to {{ audit_file }}] ***
skipping: [localhost]

TASK [/stigforge/roles/ubuntu24_stig : Declare list of syscalls] ***************
skipping: [localhost]

TASK [/stigforge/roles/ubuntu24_stig : Check existence of chown in /etc/audit/rules.d/] ***
skipping: [localhost]

TASK [/stigforge/roles/ubuntu24_stig : Reset syscalls found per file] **********
skipping: [localhost]

TASK [/stigforge/roles/ubuntu24_stig : Declare syscalls found per file] ********
skipping: [localhost]

TASK [/stigforge/roles/ubuntu24_stig : Declare files where syscalls were found] ***
skipping: [localhost]

TASK [/stigforge/roles/ubuntu24_stig : Count occurrences of syscalls in paths] ***
skipping: [localhost]

TASK [/stigforge/roles/ubuntu24_stig : Get path with most syscalls] ************
skipping: [localhost]

TASK [/stigforge/roles/ubuntu24_stig : No file with syscall found, set path to /etc/audit/rules.d/perm_mod.rules] ***
skipping: [localhost]

TASK [/stigforge/roles/ubuntu24_stig : Declare found syscalls] *****************
skipping: [localhost]

TASK [/stigforge/roles/ubuntu24_stig : Declare missing syscalls] ***************
skipping: [localhost]

TASK [/stigforge/roles/ubuntu24_stig : Replace the audit rule in {{ audit_file }}] ***
skipping: [localhost]

TASK [/stigforge/roles/ubuntu24_stig : Add the audit rule to {{ audit_file }}] ***
skipping: [localhost]

TASK [/stigforge/roles/ubuntu24_stig : Declare list of syscalls] ***************
skipping: [localhost]

TASK [/stigforge/roles/ubuntu24_stig : Check existence of chown in /etc/audit/audit.rules] ***
skipping: [localhost]

TASK [/stigforge/roles/ubuntu24_stig : Set path to /etc/audit/audit.rules] *****
skipping: [localhost]

TASK [/stigforge/roles/ubuntu24_stig : Declare found syscalls] *****************
skipping: [localhost]

TASK [/stigforge/roles/ubuntu24_stig : Declare missing syscalls] ***************
skipping: [localhost]

TASK [/stigforge/roles/ubuntu24_stig : Replace the audit rule in {{ audit_file }}] ***
skipping: [localhost]

TASK [/stigforge/roles/ubuntu24_stig : Add the audit rule to {{ audit_file }}] ***
skipping: [localhost]

TASK [/stigforge/roles/ubuntu24_stig : Set architecture for audit fchmod tasks] ***
skipping: [localhost]

TASK [/stigforge/roles/ubuntu24_stig : Declare list of syscalls] ***************
skipping: [localhost]

TASK [/stigforge/roles/ubuntu24_stig : Check existence of fchmod in /etc/audit/rules.d/] ***
skipping: [localhost]

TASK [/stigforge/roles/ubuntu24_stig : Reset syscalls found per file] **********
skipping: [localhost]

TASK [/stigforge/roles/ubuntu24_stig : Declare syscalls found per file] ********
skipping: [localhost]

TASK [/stigforge/roles/ubuntu24_stig : Declare files where syscalls were found] ***
skipping: [localhost]

TASK [/stigforge/roles/ubuntu24_stig : Count occurrences of syscalls in paths] ***
skipping: [localhost]

TASK [/stigforge/roles/ubuntu24_stig : Get path with most syscalls] ************
skipping: [localhost]

TASK [/stigforge/roles/ubuntu24_stig : No file with syscall found, set path to /etc/audit/rules.d/perm_mod.rules] ***
skipping: [localhost]

TASK [/stigforge/roles/ubuntu24_stig : Declare found syscalls] *****************
skipping: [localhost]

TASK [/stigforge/roles/ubuntu24_stig : Declare missing syscalls] ***************
skipping: [localhost]

TASK [/stigforge/roles/ubuntu24_stig : Replace the audit rule in {{ audit_file }}] ***
skipping: [localhost]

TASK [/stigforge/roles/ubuntu24_stig : Add the audit rule to {{ audit_file }}] ***
skipping: [localhost]

TASK [/stigforge/roles/ubuntu24_stig : Declare list of syscalls] ***************
skipping: [localhost]

TASK [/stigforge/roles/ubuntu24_stig : Check existence of fchmod in /etc/audit/audit.rules] ***
skipping: [localhost]

TASK [/stigforge/roles/ubuntu24_stig : Set path to /etc/audit/audit.rules] *****
skipping: [localhost]

TASK [/stigforge/roles/ubuntu24_stig : Declare found syscalls] *****************
skipping: [localhost]

TASK [/stigforge/roles/ubuntu24_stig : Declare missing syscalls] ***************
skipping: [localhost]

TASK [/stigforge/roles/ubuntu24_stig : Replace the audit rule in {{ audit_file }}] ***
skipping: [localhost]

TASK [/stigforge/roles/ubuntu24_stig : Add the audit rule to {{ audit_file }}] ***
skipping: [localhost]

TASK [/stigforge/roles/ubuntu24_stig : Declare list of syscalls] ***************
skipping: [localhost]

TASK [/stigforge/roles/ubuntu24_stig : Check existence of fchmod in /etc/audit/rules.d/] ***
skipping: [localhost]

TASK [/stigforge/roles/ubuntu24_stig : Reset syscalls found per file] **********
skipping: [localhost]

TASK [/stigforge/roles/ubuntu24_stig : Declare syscalls found per file] ********
skipping: [localhost]

TASK [/stigforge/roles/ubuntu24_stig : Declare files where syscalls were found] ***
skipping: [localhost]

TASK [/stigforge/roles/ubuntu24_stig : Count occurrences of syscalls in paths] ***
skipping: [localhost]

TASK [/stigforge/roles/ubuntu24_stig : Get path with most syscalls] ************
skipping: [localhost]

TASK [/stigforge/roles/ubuntu24_stig : No file with syscall found, set path to /etc/audit/rules.d/perm_mod.rules] ***
skipping: [localhost]

TASK [/stigforge/roles/ubuntu24_stig : Declare found syscalls] *****************
skipping: [localhost]

TASK [/stigforge/roles/ubuntu24_stig : Declare missing syscalls] ***************
skipping: [localhost]

TASK [/stigforge/roles/ubuntu24_stig : Replace the audit rule in {{ audit_file }}] ***
skipping: [localhost]

TASK [/stigforge/roles/ubuntu24_stig : Add the audit rule to {{ audit_file }}] ***
skipping: [localhost]

TASK [/stigforge/roles/ubuntu24_stig : Declare list of syscalls] ***************
skipping: [localhost]

TASK [/stigforge/roles/ubuntu24_stig : Check existence of fchmod in /etc/audit/audit.rules] ***
skipping: [localhost]

TASK [/stigforge/roles/ubuntu24_stig : Set path to /etc/audit/audit.rules] *****
skipping: [localhost]

TASK [/stigforge/roles/ubuntu24_stig : Declare found syscalls] *****************
skipping: [localhost]

TASK [/stigforge/roles/ubuntu24_stig : Declare missing syscalls] ***************
skipping: [localhost]

TASK [/stigforge/roles/ubuntu24_stig : Replace the audit rule in {{ audit_file }}] ***
skipping: [localhost]

TASK [/stigforge/roles/ubuntu24_stig : Add the audit rule to {{ audit_file }}] ***
skipping: [localhost]

TASK [/stigforge/roles/ubuntu24_stig : Set architecture for audit fchmodat tasks] ***
skipping: [localhost]

TASK [/stigforge/roles/ubuntu24_stig : Declare list of syscalls] ***************
skipping: [localhost]

TASK [/stigforge/roles/ubuntu24_stig : Check existence of fchmodat in /etc/audit/rules.d/] ***
skipping: [localhost]

TASK [/stigforge/roles/ubuntu24_stig : Reset syscalls found per file] **********
skipping: [localhost]

TASK [/stigforge/roles/ubuntu24_stig : Declare syscalls found per file] ********
skipping: [localhost]

TASK [/stigforge/roles/ubuntu24_stig : Declare files where syscalls were found] ***
skipping: [localhost]

TASK [/stigforge/roles/ubuntu24_stig : Count occurrences of syscalls in paths] ***
skipping: [localhost]

TASK [/stigforge/roles/ubuntu24_stig : Get path with most syscalls] ************
skipping: [localhost]

TASK [/stigforge/roles/ubuntu24_stig : No file with syscall found, set path to /etc/audit/rules.d/perm_mod.rules] ***
skipping: [localhost]

TASK [/stigforge/roles/ubuntu24_stig : Declare found syscalls] *****************
skipping: [localhost]

TASK [/stigforge/roles/ubuntu24_stig : Declare missing syscalls] ***************
skipping: [localhost]

TASK [/stigforge/roles/ubuntu24_stig : Replace the audit rule in {{ audit_file }}] ***
skipping: [localhost]

TASK [/stigforge/roles/ubuntu24_stig : Add the audit rule to {{ audit_file }}] ***
skipping: [localhost]

TASK [/stigforge/roles/ubuntu24_stig : Declare list of syscalls] ***************
skipping: [localhost]

TASK [/stigforge/roles/ubuntu24_stig : Check existence of fchmodat in /etc/audit/audit.rules] ***
skipping: [localhost]

TASK [/stigforge/roles/ubuntu24_stig : Set path to /etc/audit/audit.rules] *****
skipping: [localhost]

TASK [/stigforge/roles/ubuntu24_stig : Declare found syscalls] *****************
skipping: [localhost]

TASK [/stigforge/roles/ubuntu24_stig : Declare missing syscalls] ***************
skipping: [localhost]

TASK [/stigforge/roles/ubuntu24_stig : Replace the audit rule in {{ audit_file }}] ***
skipping: [localhost]

TASK [/stigforge/roles/ubuntu24_stig : Add the audit rule to {{ audit_file }}] ***
skipping: [localhost]

TASK [/stigforge/roles/ubuntu24_stig : Declare list of syscalls] ***************
skipping: [localhost]

TASK [/stigforge/roles/ubuntu24_stig : Check existence of fchmodat in /etc/audit/rules.d/] ***
skipping: [localhost]

TASK [/stigforge/roles/ubuntu24_stig : Reset syscalls found per file] **********
skipping: [localhost]

TASK [/stigforge/roles/ubuntu24_stig : Declare syscalls found per file] ********
skipping: [localhost]

TASK [/stigforge/roles/ubuntu24_stig : Declare files where syscalls were found] ***
skipping: [localhost]

TASK [/stigforge/roles/ubuntu24_stig : Count occurrences of syscalls in paths] ***
skipping: [localhost]

TASK [/stigforge/roles/ubuntu24_stig : Get path with most syscalls] ************
skipping: [localhost]

TASK [/stigforge/roles/ubuntu24_stig : No file with syscall found, set path to /etc/audit/rules.d/perm_mod.rules] ***
skipping: [localhost]

TASK [/stigforge/roles/ubuntu24_stig : Declare found syscalls] *****************
skipping: [localhost]

TASK [/stigforge/roles/ubuntu24_stig : Declare missing syscalls] ***************
skipping: [localhost]

TASK [/stigforge/roles/ubuntu24_stig : Replace the audit rule in {{ audit_file }}] ***
skipping: [localhost]

TASK [/stigforge/roles/ubuntu24_stig : Add the audit rule to {{ audit_file }}] ***
skipping: [localhost]

TASK [/stigforge/roles/ubuntu24_stig : Declare list of syscalls] ***************
skipping: [localhost]

TASK [/stigforge/roles/ubuntu24_stig : Check existence of fchmodat in /etc/audit/audit.rules] ***
skipping: [localhost]

TASK [/stigforge/roles/ubuntu24_stig : Set path to /etc/audit/audit.rules] *****
skipping: [localhost]

TASK [/stigforge/roles/ubuntu24_stig : Declare found syscalls] *****************
skipping: [localhost]

TASK [/stigforge/roles/ubuntu24_stig : Declare missing syscalls] ***************
skipping: [localhost]

TASK [/stigforge/roles/ubuntu24_stig : Replace the audit rule in {{ audit_file }}] ***
skipping: [localhost]

TASK [/stigforge/roles/ubuntu24_stig : Add the audit rule to {{ audit_file }}] ***
skipping: [localhost]

TASK [/stigforge/roles/ubuntu24_stig : Set architecture for audit fchown tasks] ***
skipping: [localhost]

TASK [/stigforge/roles/ubuntu24_stig : Declare list of syscalls] ***************
skipping: [localhost]

TASK [/stigforge/roles/ubuntu24_stig : Check existence of fchown in /etc/audit/rules.d/] ***
skipping: [localhost]

TASK [/stigforge/roles/ubuntu24_stig : Reset syscalls found per file] **********
skipping: [localhost]

TASK [/stigforge/roles/ubuntu24_stig : Declare syscalls found per file] ********
skipping: [localhost]

TASK [/stigforge/roles/ubuntu24_stig : Declare files where syscalls were found] ***
skipping: [localhost]

TASK [/stigforge/roles/ubuntu24_stig : Count occurrences of syscalls in paths] ***
skipping: [localhost]

TASK [/stigforge/roles/ubuntu24_stig : Get path with most syscalls] ************
skipping: [localhost]

TASK [/stigforge/roles/ubuntu24_stig : No file with syscall found, set path to /etc/audit/rules.d/perm_mod.rules] ***
skipping: [localhost]

TASK [/stigforge/roles/ubuntu24_stig : Declare found syscalls] *****************
skipping: [localhost]

TASK [/stigforge/roles/ubuntu24_stig : Declare missing syscalls] ***************
skipping: [localhost]

TASK [/stigforge/roles/ubuntu24_stig : Replace the audit rule in {{ audit_file }}] ***
skipping: [localhost]

TASK [/stigforge/roles/ubuntu24_stig : Add the audit rule to {{ audit_file }}] ***
skipping: [localhost]

TASK [/stigforge/roles/ubuntu24_stig : Declare list of syscalls] ***************
skipping: [localhost]

TASK [/stigforge/roles/ubuntu24_stig : Check existence of fchown in /etc/audit/audit.rules] ***
skipping: [localhost]

TASK [/stigforge/roles/ubuntu24_stig : Set path to /etc/audit/audit.rules] *****
skipping: [localhost]

TASK [/stigforge/roles/ubuntu24_stig : Declare found syscalls] *****************
skipping: [localhost]

TASK [/stigforge/roles/ubuntu24_stig : Declare missing syscalls] ***************
skipping: [localhost]

TASK [/stigforge/roles/ubuntu24_stig : Replace the audit rule in {{ audit_file }}] ***
skipping: [localhost]

TASK [/stigforge/roles/ubuntu24_stig : Add the audit rule to {{ audit_file }}] ***
skipping: [localhost]

TASK [/stigforge/roles/ubuntu24_stig : Declare list of syscalls] ***************
skipping: [localhost]

TASK [/stigforge/roles/ubuntu24_stig : Check existence of fchown in /etc/audit/rules.d/] ***
skipping: [localhost]

TASK [/stigforge/roles/ubuntu24_stig : Reset syscalls found per file] **********
skipping: [localhost]

TASK [/stigforge/roles/ubuntu24_stig : Declare syscalls found per file] ********
skipping: [localhost]

TASK [/stigforge/roles/ubuntu24_stig : Declare files where syscalls were found] ***
skipping: [localhost]

TASK [/stigforge/roles/ubuntu24_stig : Count occurrences of syscalls in paths] ***
skipping: [localhost]

TASK [/stigforge/roles/ubuntu24_stig : Get path with most syscalls] ************
skipping: [localhost]

TASK [/stigforge/roles/ubuntu24_stig : No file with syscall found, set path to /etc/audit/rules.d/perm_mod.rules] ***
skipping: [localhost]

TASK [/stigforge/roles/ubuntu24_stig : Declare found syscalls] *****************
skipping: [localhost]

TASK [/stigforge/roles/ubuntu24_stig : Declare missing syscalls] ***************
skipping: [localhost]

TASK [/stigforge/roles/ubuntu24_stig : Replace the audit rule in {{ audit_file }}] ***
skipping: [localhost]

TASK [/stigforge/roles/ubuntu24_stig : Add the audit rule to {{ audit_file }}] ***
skipping: [localhost]

TASK [/stigforge/roles/ubuntu24_stig : Declare list of syscalls] ***************
skipping: [localhost]

TASK [/stigforge/roles/ubuntu24_stig : Check existence of fchown in /etc/audit/audit.rules] ***
skipping: [localhost]

TASK [/stigforge/roles/ubuntu24_stig : Set path to /etc/audit/audit.rules] *****
skipping: [localhost]

TASK [/stigforge/roles/ubuntu24_stig : Declare found syscalls] *****************
skipping: [localhost]

TASK [/stigforge/roles/ubuntu24_stig : Declare missing syscalls] ***************
skipping: [localhost]

TASK [/stigforge/roles/ubuntu24_stig : Replace the audit rule in {{ audit_file }}] ***
skipping: [localhost]

TASK [/stigforge/roles/ubuntu24_stig : Add the audit rule to {{ audit_file }}] ***
skipping: [localhost]

TASK [/stigforge/roles/ubuntu24_stig : Set architecture for audit fchownat tasks] ***
skipping: [localhost]

TASK [/stigforge/roles/ubuntu24_stig : Declare list of syscalls] ***************
skipping: [localhost]

TASK [/stigforge/roles/ubuntu24_stig : Check existence of fchownat in /etc/audit/rules.d/] ***
skipping: [localhost]

TASK [/stigforge/roles/ubuntu24_stig : Reset syscalls found per file] **********
skipping: [localhost]

TASK [/stigforge/roles/ubuntu24_stig : Declare syscalls found per file] ********
skipping: [localhost]

TASK [/stigforge/roles/ubuntu24_stig : Declare files where syscalls were found] ***
skipping: [localhost]

TASK [/stigforge/roles/ubuntu24_stig : Count occurrences of syscalls in paths] ***
skipping: [localhost]

TASK [/stigforge/roles/ubuntu24_stig : Get path with most syscalls] ************
skipping: [localhost]

TASK [/stigforge/roles/ubuntu24_stig : No file with syscall found, set path to /etc/audit/rules.d/perm_mod.rules] ***
skipping: [localhost]

TASK [/stigforge/roles/ubuntu24_stig : Declare found syscalls] *****************
skipping: [localhost]

TASK [/stigforge/roles/ubuntu24_stig : Declare missing syscalls] ***************
skipping: [localhost]

TASK [/stigforge/roles/ubuntu24_stig : Replace the audit rule in {{ audit_file }}] ***
skipping: [localhost]

TASK [/stigforge/roles/ubuntu24_stig : Add the audit rule to {{ audit_file }}] ***
skipping: [localhost]

TASK [/stigforge/roles/ubuntu24_stig : Declare list of syscalls] ***************
skipping: [localhost]

TASK [/stigforge/roles/ubuntu24_stig : Check existence of fchownat in /etc/audit/audit.rules] ***
skipping: [localhost]

TASK [/stigforge/roles/ubuntu24_stig : Set path to /etc/audit/audit.rules] *****
skipping: [localhost]

TASK [/stigforge/roles/ubuntu24_stig : Declare found syscalls] *****************
skipping: [localhost]

TASK [/stigforge/roles/ubuntu24_stig : Declare missing syscalls] ***************
skipping: [localhost]

TASK [/stigforge/roles/ubuntu24_stig : Replace the audit rule in {{ audit_file }}] ***
skipping: [localhost]

TASK [/stigforge/roles/ubuntu24_stig : Add the audit rule to {{ audit_file }}] ***
skipping: [localhost]

TASK [/stigforge/roles/ubuntu24_stig : Declare list of syscalls] ***************
skipping: [localhost]

TASK [/stigforge/roles/ubuntu24_stig : Check existence of fchownat in /etc/audit/rules.d/] ***
skipping: [localhost]

TASK [/stigforge/roles/ubuntu24_stig : Reset syscalls found per file] **********
skipping: [localhost]

TASK [/stigforge/roles/ubuntu24_stig : Declare syscalls found per file] ********
skipping: [localhost]

TASK [/stigforge/roles/ubuntu24_stig : Declare files where syscalls were found] ***
skipping: [localhost]

TASK [/stigforge/roles/ubuntu24_stig : Count occurrences of syscalls in paths] ***
skipping: [localhost]

TASK [/stigforge/roles/ubuntu24_stig : Get path with most syscalls] ************
skipping: [localhost]

TASK [/stigforge/roles/ubuntu24_stig : No file with syscall found, set path to /etc/audit/rules.d/perm_mod.rules] ***
skipping: [localhost]

TASK [/stigforge/roles/ubuntu24_stig : Declare found syscalls] *****************
skipping: [localhost]

TASK [/stigforge/roles/ubuntu24_stig : Declare missing syscalls] ***************
skipping: [localhost]

TASK [/stigforge/roles/ubuntu24_stig : Replace the audit rule in {{ audit_file }}] ***
skipping: [localhost]

TASK [/stigforge/roles/ubuntu24_stig : Add the audit rule to {{ audit_file }}] ***
skipping: [localhost]

TASK [/stigforge/roles/ubuntu24_stig : Declare list of syscalls] ***************
skipping: [localhost]

TASK [/stigforge/roles/ubuntu24_stig : Check existence of fchownat in /etc/audit/audit.rules] ***
skipping: [localhost]

TASK [/stigforge/roles/ubuntu24_stig : Set path to /etc/audit/audit.rules] *****
skipping: [localhost]

TASK [/stigforge/roles/ubuntu24_stig : Declare found syscalls] *****************
skipping: [localhost]

TASK [/stigforge/roles/ubuntu24_stig : Declare missing syscalls] ***************
skipping: [localhost]

TASK [/stigforge/roles/ubuntu24_stig : Replace the audit rule in {{ audit_file }}] ***
skipping: [localhost]

TASK [/stigforge/roles/ubuntu24_stig : Add the audit rule to {{ audit_file }}] ***
skipping: [localhost]

TASK [/stigforge/roles/ubuntu24_stig : Set architecture for audit fremovexattr tasks] ***
skipping: [localhost]

TASK [/stigforge/roles/ubuntu24_stig : Declare list of syscalls] ***************
skipping: [localhost]

TASK [/stigforge/roles/ubuntu24_stig : Check existence of fremovexattr in /etc/audit/rules.d/] ***
skipping: [localhost]

TASK [/stigforge/roles/ubuntu24_stig : Reset syscalls found per file] **********
skipping: [localhost]

TASK [/stigforge/roles/ubuntu24_stig : Declare syscalls found per file] ********
skipping: [localhost]

TASK [/stigforge/roles/ubuntu24_stig : Declare files where syscalls were found] ***
skipping: [localhost]

TASK [/stigforge/roles/ubuntu24_stig : Count occurrences of syscalls in paths] ***
skipping: [localhost]

TASK [/stigforge/roles/ubuntu24_stig : Get path with most syscalls] ************
skipping: [localhost]

TASK [/stigforge/roles/ubuntu24_stig : No file with syscall found, set path to /etc/audit/rules.d/perm_mod.rules] ***
skipping: [localhost]

TASK [/stigforge/roles/ubuntu24_stig : Declare found syscalls] *****************
skipping: [localhost]

TASK [/stigforge/roles/ubuntu24_stig : Declare missing syscalls] ***************
skipping: [localhost]

TASK [/stigforge/roles/ubuntu24_stig : Replace the audit rule in {{ audit_file }}] ***
skipping: [localhost]

TASK [/stigforge/roles/ubuntu24_stig : Add the audit rule to {{ audit_file }}] ***
skipping: [localhost]

TASK [/stigforge/roles/ubuntu24_stig : Declare list of syscalls] ***************
skipping: [localhost]

TASK [/stigforge/roles/ubuntu24_stig : Check existence of fremovexattr in /etc/audit/audit.rules] ***
skipping: [localhost]

TASK [/stigforge/roles/ubuntu24_stig : Set path to /etc/audit/audit.rules] *****
skipping: [localhost]

TASK [/stigforge/roles/ubuntu24_stig : Declare found syscalls] *****************
skipping: [localhost]

TASK [/stigforge/roles/ubuntu24_stig : Declare missing syscalls] ***************
skipping: [localhost]

TASK [/stigforge/roles/ubuntu24_stig : Replace the audit rule in {{ audit_file }}] ***
skipping: [localhost]

TASK [/stigforge/roles/ubuntu24_stig : Add the audit rule to {{ audit_file }}] ***
skipping: [localhost]

TASK [/stigforge/roles/ubuntu24_stig : Declare list of syscalls] ***************
skipping: [localhost]

TASK [/stigforge/roles/ubuntu24_stig : Check existence of fremovexattr in /etc/audit/rules.d/] ***
skipping: [localhost]

TASK [/stigforge/roles/ubuntu24_stig : Reset syscalls found per file] **********
skipping: [localhost]

TASK [/stigforge/roles/ubuntu24_stig : Declare syscalls found per file] ********
skipping: [localhost]

TASK [/stigforge/roles/ubuntu24_stig : Declare files where syscalls were found] ***
skipping: [localhost]

TASK [/stigforge/roles/ubuntu24_stig : Count occurrences of syscalls in paths] ***
skipping: [localhost]

TASK [/stigforge/roles/ubuntu24_stig : Get path with most syscalls] ************
skipping: [localhost]

TASK [/stigforge/roles/ubuntu24_stig : No file with syscall found, set path to /etc/audit/rules.d/perm_mod.rules] ***
skipping: [localhost]

TASK [/stigforge/roles/ubuntu24_stig : Declare found syscalls] *****************
skipping: [localhost]

TASK [/stigforge/roles/ubuntu24_stig : Declare missing syscalls] ***************
skipping: [localhost]

TASK [/stigforge/roles/ubuntu24_stig : Replace the audit rule in {{ audit_file }}] ***
skipping: [localhost]

TASK [/stigforge/roles/ubuntu24_stig : Add the audit rule to {{ audit_file }}] ***
skipping: [localhost]

TASK [/stigforge/roles/ubuntu24_stig : Declare list of syscalls] ***************
skipping: [localhost]

TASK [/stigforge/roles/ubuntu24_stig : Check existence of fremovexattr in /etc/audit/audit.rules] ***
skipping: [localhost]

TASK [/stigforge/roles/ubuntu24_stig : Set path to /etc/audit/audit.rules] *****
skipping: [localhost]

TASK [/stigforge/roles/ubuntu24_stig : Declare found syscalls] *****************
skipping: [localhost]

TASK [/stigforge/roles/ubuntu24_stig : Declare missing syscalls] ***************
skipping: [localhost]

TASK [/stigforge/roles/ubuntu24_stig : Replace the audit rule in {{ audit_file }}] ***
skipping: [localhost]

TASK [/stigforge/roles/ubuntu24_stig : Add the audit rule to {{ audit_file }}] ***
skipping: [localhost]

TASK [/stigforge/roles/ubuntu24_stig : Declare list of syscalls] ***************
skipping: [localhost]

TASK [/stigforge/roles/ubuntu24_stig : Check existence of fremovexattr in /etc/audit/rules.d/] ***
skipping: [localhost]

TASK [/stigforge/roles/ubuntu24_stig : Reset syscalls found per file] **********
skipping: [localhost]

TASK [/stigforge/roles/ubuntu24_stig : Declare syscalls found per file] ********
skipping: [localhost]

TASK [/stigforge/roles/ubuntu24_stig : Declare files where syscalls were found] ***
skipping: [localhost]

TASK [/stigforge/roles/ubuntu24_stig : Count occurrences of syscalls in paths] ***
skipping: [localhost]

TASK [/stigforge/roles/ubuntu24_stig : Get path with most syscalls] ************
skipping: [localhost]

TASK [/stigforge/roles/ubuntu24_stig : No file with syscall found, set path to /etc/audit/rules.d/perm_mod.rules] ***
skipping: [localhost]

TASK [/stigforge/roles/ubuntu24_stig : Declare found syscalls] *****************
skipping: [localhost]

TASK [/stigforge/roles/ubuntu24_stig : Declare missing syscalls] ***************
skipping: [localhost]

TASK [/stigforge/roles/ubuntu24_stig : Replace the audit rule in {{ audit_file }}] ***
skipping: [localhost]

TASK [/stigforge/roles/ubuntu24_stig : Add the audit rule to {{ audit_file }}] ***
skipping: [localhost]

TASK [/stigforge/roles/ubuntu24_stig : Declare list of syscalls] ***************
skipping: [localhost]

TASK [/stigforge/roles/ubuntu24_stig : Check existence of fremovexattr in /etc/audit/audit.rules] ***
skipping: [localhost]

TASK [/stigforge/roles/ubuntu24_stig : Set path to /etc/audit/audit.rules] *****
skipping: [localhost]

TASK [/stigforge/roles/ubuntu24_stig : Declare found syscalls] *****************
skipping: [localhost]

TASK [/stigforge/roles/ubuntu24_stig : Declare missing syscalls] ***************
skipping: [localhost]

TASK [/stigforge/roles/ubuntu24_stig : Replace the audit rule in {{ audit_file }}] ***
skipping: [localhost]

TASK [/stigforge/roles/ubuntu24_stig : Add the audit rule to {{ audit_file }}] ***
skipping: [localhost]

TASK [/stigforge/roles/ubuntu24_stig : Declare list of syscalls] ***************
skipping: [localhost]

TASK [/stigforge/roles/ubuntu24_stig : Check existence of fremovexattr in /etc/audit/rules.d/] ***
skipping: [localhost]

TASK [/stigforge/roles/ubuntu24_stig : Reset syscalls found per file] **********
skipping: [localhost]

TASK [/stigforge/roles/ubuntu24_stig : Declare syscalls found per file] ********
skipping: [localhost]

TASK [/stigforge/roles/ubuntu24_stig : Declare files where syscalls were found] ***
skipping: [localhost]

TASK [/stigforge/roles/ubuntu24_stig : Count occurrences of syscalls in paths] ***
skipping: [localhost]

TASK [/stigforge/roles/ubuntu24_stig : Get path with most syscalls] ************
skipping: [localhost]

TASK [/stigforge/roles/ubuntu24_stig : No file with syscall found, set path to /etc/audit/rules.d/perm_mod.rules] ***
skipping: [localhost]

TASK [/stigforge/roles/ubuntu24_stig : Declare found syscalls] *****************
skipping: [localhost]

TASK [/stigforge/roles/ubuntu24_stig : Declare missing syscalls] ***************
skipping: [localhost]

TASK [/stigforge/roles/ubuntu24_stig : Replace the audit rule in {{ audit_file }}] ***
skipping: [localhost]

TASK [/stigforge/roles/ubuntu24_stig : Add the audit rule to {{ audit_file }}] ***
skipping: [localhost]

TASK [/stigforge/roles/ubuntu24_stig : Declare list of syscalls] ***************
skipping: [localhost]

TASK [/stigforge/roles/ubuntu24_stig : Check existence of fremovexattr in /etc/audit/audit.rules] ***
skipping: [localhost]

TASK [/stigforge/roles/ubuntu24_stig : Set path to /etc/audit/audit.rules] *****
skipping: [localhost]

TASK [/stigforge/roles/ubuntu24_stig : Declare found syscalls] *****************
skipping: [localhost]

TASK [/stigforge/roles/ubuntu24_stig : Declare missing syscalls] ***************
skipping: [localhost]

TASK [/stigforge/roles/ubuntu24_stig : Replace the audit rule in {{ audit_file }}] ***
skipping: [localhost]

TASK [/stigforge/roles/ubuntu24_stig : Add the audit rule to {{ audit_file }}] ***
skipping: [localhost]

TASK [/stigforge/roles/ubuntu24_stig : Set architecture for audit fsetxattr tasks] ***
skipping: [localhost]

TASK [/stigforge/roles/ubuntu24_stig : Declare list of syscalls] ***************
skipping: [localhost]

TASK [/stigforge/roles/ubuntu24_stig : Check existence of fsetxattr in /etc/audit/rules.d/] ***
skipping: [localhost]

TASK [/stigforge/roles/ubuntu24_stig : Reset syscalls found per file] **********
skipping: [localhost]

TASK [/stigforge/roles/ubuntu24_stig : Declare syscalls found per file] ********
skipping: [localhost]

TASK [/stigforge/roles/ubuntu24_stig : Declare files where syscalls were found] ***
skipping: [localhost]

TASK [/stigforge/roles/ubuntu24_stig : Count occurrences of syscalls in paths] ***
skipping: [localhost]

TASK [/stigforge/roles/ubuntu24_stig : Get path with most syscalls] ************
skipping: [localhost]

TASK [/stigforge/roles/ubuntu24_stig : No file with syscall found, set path to /etc/audit/rules.d/perm_mod.rules] ***
skipping: [localhost]

TASK [/stigforge/roles/ubuntu24_stig : Declare found syscalls] *****************
skipping: [localhost]

TASK [/stigforge/roles/ubuntu24_stig : Declare missing syscalls] ***************
skipping: [localhost]

TASK [/stigforge/roles/ubuntu24_stig : Replace the audit rule in {{ audit_file }}] ***
skipping: [localhost]

TASK [/stigforge/roles/ubuntu24_stig : Add the audit rule to {{ audit_file }}] ***
skipping: [localhost]

TASK [/stigforge/roles/ubuntu24_stig : Declare list of syscalls] ***************
skipping: [localhost]

TASK [/stigforge/roles/ubuntu24_stig : Check existence of fsetxattr in /etc/audit/audit.rules] ***
skipping: [localhost]

TASK [/stigforge/roles/ubuntu24_stig : Set path to /etc/audit/audit.rules] *****
skipping: [localhost]

TASK [/stigforge/roles/ubuntu24_stig : Declare found syscalls] *****************
skipping: [localhost]

TASK [/stigforge/roles/ubuntu24_stig : Declare missing syscalls] ***************
skipping: [localhost]

TASK [/stigforge/roles/ubuntu24_stig : Replace the audit rule in {{ audit_file }}] ***
skipping: [localhost]

TASK [/stigforge/roles/ubuntu24_stig : Add the audit rule to {{ audit_file }}] ***
skipping: [localhost]

TASK [/stigforge/roles/ubuntu24_stig : Declare list of syscalls] ***************
skipping: [localhost]

TASK [/stigforge/roles/ubuntu24_stig : Check existence of fsetxattr in /etc/audit/rules.d/] ***
skipping: [localhost]

TASK [/stigforge/roles/ubuntu24_stig : Reset syscalls found per file] **********
skipping: [localhost]

TASK [/stigforge/roles/ubuntu24_stig : Declare syscalls found per file] ********
skipping: [localhost]

TASK [/stigforge/roles/ubuntu24_stig : Declare files where syscalls were found] ***
skipping: [localhost]

TASK [/stigforge/roles/ubuntu24_stig : Count occurrences of syscalls in paths] ***
skipping: [localhost]

TASK [/stigforge/roles/ubuntu24_stig : Get path with most syscalls] ************
skipping: [localhost]

TASK [/stigforge/roles/ubuntu24_stig : No file with syscall found, set path to /etc/audit/rules.d/perm_mod.rules] ***
skipping: [localhost]

TASK [/stigforge/roles/ubuntu24_stig : Declare found syscalls] *****************
skipping: [localhost]

TASK [/stigforge/roles/ubuntu24_stig : Declare missing syscalls] ***************
skipping: [localhost]

TASK [/stigforge/roles/ubuntu24_stig : Replace the audit rule in {{ audit_file }}] ***
skipping: [localhost]

TASK [/stigforge/roles/ubuntu24_stig : Add the audit rule to {{ audit_file }}] ***
skipping: [localhost]

TASK [/stigforge/roles/ubuntu24_stig : Declare list of syscalls] ***************
skipping: [localhost]

TASK [/stigforge/roles/ubuntu24_stig : Check existence of fsetxattr in /etc/audit/audit.rules] ***
skipping: [localhost]

TASK [/stigforge/roles/ubuntu24_stig : Set path to /etc/audit/audit.rules] *****
skipping: [localhost]

TASK [/stigforge/roles/ubuntu24_stig : Declare found syscalls] *****************
skipping: [localhost]

TASK [/stigforge/roles/ubuntu24_stig : Declare missing syscalls] ***************
skipping: [localhost]

TASK [/stigforge/roles/ubuntu24_stig : Replace the audit rule in {{ audit_file }}] ***
skipping: [localhost]

TASK [/stigforge/roles/ubuntu24_stig : Add the audit rule to {{ audit_file }}] ***
skipping: [localhost]

TASK [/stigforge/roles/ubuntu24_stig : Declare list of syscalls] ***************
skipping: [localhost]

TASK [/stigforge/roles/ubuntu24_stig : Check existence of fsetxattr in /etc/audit/rules.d/] ***
skipping: [localhost]

TASK [/stigforge/roles/ubuntu24_stig : Reset syscalls found per file] **********
skipping: [localhost]

TASK [/stigforge/roles/ubuntu24_stig : Declare syscalls found per file] ********
skipping: [localhost]

TASK [/stigforge/roles/ubuntu24_stig : Declare files where syscalls were found] ***
skipping: [localhost]

TASK [/stigforge/roles/ubuntu24_stig : Count occurrences of syscalls in paths] ***
skipping: [localhost]

TASK [/stigforge/roles/ubuntu24_stig : Get path with most syscalls] ************
skipping: [localhost]

TASK [/stigforge/roles/ubuntu24_stig : No file with syscall found, set path to /etc/audit/rules.d/perm_mod.rules] ***
skipping: [localhost]

TASK [/stigforge/roles/ubuntu24_stig : Declare found syscalls] *****************
skipping: [localhost]

TASK [/stigforge/roles/ubuntu24_stig : Declare missing syscalls] ***************
skipping: [localhost]

TASK [/stigforge/roles/ubuntu24_stig : Replace the audit rule in {{ audit_file }}] ***
skipping: [localhost]

TASK [/stigforge/roles/ubuntu24_stig : Add the audit rule to {{ audit_file }}] ***
skipping: [localhost]

TASK [/stigforge/roles/ubuntu24_stig : Declare list of syscalls] ***************
skipping: [localhost]

TASK [/stigforge/roles/ubuntu24_stig : Check existence of fsetxattr in /etc/audit/audit.rules] ***
skipping: [localhost]

TASK [/stigforge/roles/ubuntu24_stig : Set path to /etc/audit/audit.rules] *****
skipping: [localhost]

TASK [/stigforge/roles/ubuntu24_stig : Declare found syscalls] *****************
skipping: [localhost]

TASK [/stigforge/roles/ubuntu24_stig : Declare missing syscalls] ***************
skipping: [localhost]

TASK [/stigforge/roles/ubuntu24_stig : Replace the audit rule in {{ audit_file }}] ***
skipping: [localhost]

TASK [/stigforge/roles/ubuntu24_stig : Add the audit rule to {{ audit_file }}] ***
skipping: [localhost]

TASK [/stigforge/roles/ubuntu24_stig : Declare list of syscalls] ***************
skipping: [localhost]

TASK [/stigforge/roles/ubuntu24_stig : Check existence of fsetxattr in /etc/audit/rules.d/] ***
skipping: [localhost]

TASK [/stigforge/roles/ubuntu24_stig : Reset syscalls found per file] **********
skipping: [localhost]

TASK [/stigforge/roles/ubuntu24_stig : Declare syscalls found per file] ********
skipping: [localhost]

TASK [/stigforge/roles/ubuntu24_stig : Declare files where syscalls were found] ***
skipping: [localhost]

TASK [/stigforge/roles/ubuntu24_stig : Count occurrences of syscalls in paths] ***
skipping: [localhost]

TASK [/stigforge/roles/ubuntu24_stig : Get path with most syscalls] ************
skipping: [localhost]

TASK [/stigforge/roles/ubuntu24_stig : No file with syscall found, set path to /etc/audit/rules.d/perm_mod.rules] ***
skipping: [localhost]

TASK [/stigforge/roles/ubuntu24_stig : Declare found syscalls] *****************
skipping: [localhost]

TASK [/stigforge/roles/ubuntu24_stig : Declare missing syscalls] ***************
skipping: [localhost]

TASK [/stigforge/roles/ubuntu24_stig : Replace the audit rule in {{ audit_file }}] ***
skipping: [localhost]

TASK [/stigforge/roles/ubuntu24_stig : Add the audit rule to {{ audit_file }}] ***
skipping: [localhost]

TASK [/stigforge/roles/ubuntu24_stig : Declare list of syscalls] ***************
skipping: [localhost]

TASK [/stigforge/roles/ubuntu24_stig : Check existence of fsetxattr in /etc/audit/audit.rules] ***
skipping: [localhost]

TASK [/stigforge/roles/ubuntu24_stig : Set path to /etc/audit/audit.rules] *****
skipping: [localhost]

TASK [/stigforge/roles/ubuntu24_stig : Declare found syscalls] *****************
skipping: [localhost]

TASK [/stigforge/roles/ubuntu24_stig : Declare missing syscalls] ***************
skipping: [localhost]

TASK [/stigforge/roles/ubuntu24_stig : Replace the audit rule in {{ audit_file }}] ***
skipping: [localhost]

TASK [/stigforge/roles/ubuntu24_stig : Add the audit rule to {{ audit_file }}] ***
skipping: [localhost]

TASK [/stigforge/roles/ubuntu24_stig : Set architecture for audit lchown tasks] ***
skipping: [localhost]

TASK [/stigforge/roles/ubuntu24_stig : Declare list of syscalls] ***************
skipping: [localhost]

TASK [/stigforge/roles/ubuntu24_stig : Check existence of lchown in /etc/audit/rules.d/] ***
skipping: [localhost]

TASK [/stigforge/roles/ubuntu24_stig : Reset syscalls found per file] **********
skipping: [localhost]

TASK [/stigforge/roles/ubuntu24_stig : Declare syscalls found per file] ********
skipping: [localhost]

TASK [/stigforge/roles/ubuntu24_stig : Declare files where syscalls were found] ***
skipping: [localhost]

TASK [/stigforge/roles/ubuntu24_stig : Count occurrences of syscalls in paths] ***
skipping: [localhost]

TASK [/stigforge/roles/ubuntu24_stig : Get path with most syscalls] ************
skipping: [localhost]

TASK [/stigforge/roles/ubuntu24_stig : No file with syscall found, set path to /etc/audit/rules.d/perm_mod.rules] ***
skipping: [localhost]

TASK [/stigforge/roles/ubuntu24_stig : Declare found syscalls] *****************
skipping: [localhost]

TASK [/stigforge/roles/ubuntu24_stig : Declare missing syscalls] ***************
skipping: [localhost]

TASK [/stigforge/roles/ubuntu24_stig : Replace the audit rule in {{ audit_file }}] ***
skipping: [localhost]

TASK [/stigforge/roles/ubuntu24_stig : Add the audit rule to {{ audit_file }}] ***
skipping: [localhost]

TASK [/stigforge/roles/ubuntu24_stig : Declare list of syscalls] ***************
skipping: [localhost]

TASK [/stigforge/roles/ubuntu24_stig : Check existence of lchown in /etc/audit/audit.rules] ***
skipping: [localhost]

TASK [/stigforge/roles/ubuntu24_stig : Set path to /etc/audit/audit.rules] *****
skipping: [localhost]

TASK [/stigforge/roles/ubuntu24_stig : Declare found syscalls] *****************
skipping: [localhost]

TASK [/stigforge/roles/ubuntu24_stig : Declare missing syscalls] ***************
skipping: [localhost]

TASK [/stigforge/roles/ubuntu24_stig : Replace the audit rule in {{ audit_file }}] ***
skipping: [localhost]

TASK [/stigforge/roles/ubuntu24_stig : Add the audit rule to {{ audit_file }}] ***
skipping: [localhost]

TASK [/stigforge/roles/ubuntu24_stig : Declare list of syscalls] ***************
skipping: [localhost]

TASK [/stigforge/roles/ubuntu24_stig : Check existence of lchown in /etc/audit/rules.d/] ***
skipping: [localhost]

TASK [/stigforge/roles/ubuntu24_stig : Reset syscalls found per file] **********
skipping: [localhost]

TASK [/stigforge/roles/ubuntu24_stig : Declare syscalls found per file] ********
skipping: [localhost]

TASK [/stigforge/roles/ubuntu24_stig : Declare files where syscalls were found] ***
skipping: [localhost]

TASK [/stigforge/roles/ubuntu24_stig : Count occurrences of syscalls in paths] ***
skipping: [localhost]

TASK [/stigforge/roles/ubuntu24_stig : Get path with most syscalls] ************
skipping: [localhost]

TASK [/stigforge/roles/ubuntu24_stig : No file with syscall found, set path to /etc/audit/rules.d/perm_mod.rules] ***
skipping: [localhost]

TASK [/stigforge/roles/ubuntu24_stig : Declare found syscalls] *****************
skipping: [localhost]

TASK [/stigforge/roles/ubuntu24_stig : Declare missing syscalls] ***************
skipping: [localhost]

TASK [/stigforge/roles/ubuntu24_stig : Replace the audit rule in {{ audit_file }}] ***
skipping: [localhost]

TASK [/stigforge/roles/ubuntu24_stig : Add the audit rule to {{ audit_file }}] ***
skipping: [localhost]

TASK [/stigforge/roles/ubuntu24_stig : Declare list of syscalls] ***************
skipping: [localhost]

TASK [/stigforge/roles/ubuntu24_stig : Check existence of lchown in /etc/audit/audit.rules] ***
skipping: [localhost]

TASK [/stigforge/roles/ubuntu24_stig : Set path to /etc/audit/audit.rules] *****
skipping: [localhost]

TASK [/stigforge/roles/ubuntu24_stig : Declare found syscalls] *****************
skipping: [localhost]

TASK [/stigforge/roles/ubuntu24_stig : Declare missing syscalls] ***************
skipping: [localhost]

TASK [/stigforge/roles/ubuntu24_stig : Replace the audit rule in {{ audit_file }}] ***
skipping: [localhost]

TASK [/stigforge/roles/ubuntu24_stig : Add the audit rule to {{ audit_file }}] ***
skipping: [localhost]

TASK [/stigforge/roles/ubuntu24_stig : Set architecture for audit lremovexattr tasks] ***
skipping: [localhost]

TASK [/stigforge/roles/ubuntu24_stig : Declare list of syscalls] ***************
skipping: [localhost]

TASK [/stigforge/roles/ubuntu24_stig : Check existence of lremovexattr in /etc/audit/rules.d/] ***
skipping: [localhost]

TASK [/stigforge/roles/ubuntu24_stig : Reset syscalls found per file] **********
skipping: [localhost]

TASK [/stigforge/roles/ubuntu24_stig : Declare syscalls found per file] ********
skipping: [localhost]

TASK [/stigforge/roles/ubuntu24_stig : Declare files where syscalls were found] ***
skipping: [localhost]

TASK [/stigforge/roles/ubuntu24_stig : Count occurrences of syscalls in paths] ***
skipping: [localhost]

TASK [/stigforge/roles/ubuntu24_stig : Get path with most syscalls] ************
skipping: [localhost]

TASK [/stigforge/roles/ubuntu24_stig : No file with syscall found, set path to /etc/audit/rules.d/perm_mod.rules] ***
skipping: [localhost]

TASK [/stigforge/roles/ubuntu24_stig : Declare found syscalls] *****************
skipping: [localhost]

TASK [/stigforge/roles/ubuntu24_stig : Declare missing syscalls] ***************
skipping: [localhost]

TASK [/stigforge/roles/ubuntu24_stig : Replace the audit rule in {{ audit_file }}] ***
skipping: [localhost]

TASK [/stigforge/roles/ubuntu24_stig : Add the audit rule to {{ audit_file }}] ***
skipping: [localhost]

TASK [/stigforge/roles/ubuntu24_stig : Declare list of syscalls] ***************
skipping: [localhost]

TASK [/stigforge/roles/ubuntu24_stig : Check existence of lremovexattr in /etc/audit/audit.rules] ***
skipping: [localhost]

TASK [/stigforge/roles/ubuntu24_stig : Set path to /etc/audit/audit.rules] *****
skipping: [localhost]

TASK [/stigforge/roles/ubuntu24_stig : Declare found syscalls] *****************
skipping: [localhost]

TASK [/stigforge/roles/ubuntu24_stig : Declare missing syscalls] ***************
skipping: [localhost]

TASK [/stigforge/roles/ubuntu24_stig : Replace the audit rule in {{ audit_file }}] ***
skipping: [localhost]

TASK [/stigforge/roles/ubuntu24_stig : Add the audit rule to {{ audit_file }}] ***
skipping: [localhost]

TASK [/stigforge/roles/ubuntu24_stig : Declare list of syscalls] ***************
skipping: [localhost]

TASK [/stigforge/roles/ubuntu24_stig : Check existence of lremovexattr in /etc/audit/rules.d/] ***
skipping: [localhost]

TASK [/stigforge/roles/ubuntu24_stig : Reset syscalls found per file] **********
skipping: [localhost]

TASK [/stigforge/roles/ubuntu24_stig : Declare syscalls found per file] ********
skipping: [localhost]

TASK [/stigforge/roles/ubuntu24_stig : Declare files where syscalls were found] ***
skipping: [localhost]

TASK [/stigforge/roles/ubuntu24_stig : Count occurrences of syscalls in paths] ***
skipping: [localhost]

TASK [/stigforge/roles/ubuntu24_stig : Get path with most syscalls] ************
skipping: [localhost]

TASK [/stigforge/roles/ubuntu24_stig : No file with syscall found, set path to /etc/audit/rules.d/perm_mod.rules] ***
skipping: [localhost]

TASK [/stigforge/roles/ubuntu24_stig : Declare found syscalls] *****************
skipping: [localhost]

TASK [/stigforge/roles/ubuntu24_stig : Declare missing syscalls] ***************
skipping: [localhost]

TASK [/stigforge/roles/ubuntu24_stig : Replace the audit rule in {{ audit_file }}] ***
skipping: [localhost]

TASK [/stigforge/roles/ubuntu24_stig : Add the audit rule to {{ audit_file }}] ***
skipping: [localhost]

TASK [/stigforge/roles/ubuntu24_stig : Declare list of syscalls] ***************
skipping: [localhost]

TASK [/stigforge/roles/ubuntu24_stig : Check existence of lremovexattr in /etc/audit/audit.rules] ***
skipping: [localhost]

TASK [/stigforge/roles/ubuntu24_stig : Set path to /etc/audit/audit.rules] *****
skipping: [localhost]

TASK [/stigforge/roles/ubuntu24_stig : Declare found syscalls] *****************
skipping: [localhost]

TASK [/stigforge/roles/ubuntu24_stig : Declare missing syscalls] ***************
skipping: [localhost]

TASK [/stigforge/roles/ubuntu24_stig : Replace the audit rule in {{ audit_file }}] ***
skipping: [localhost]

TASK [/stigforge/roles/ubuntu24_stig : Add the audit rule to {{ audit_file }}] ***
skipping: [localhost]

TASK [/stigforge/roles/ubuntu24_stig : Declare list of syscalls] ***************
skipping: [localhost]

TASK [/stigforge/roles/ubuntu24_stig : Check existence of lremovexattr in /etc/audit/rules.d/] ***
skipping: [localhost]

TASK [/stigforge/roles/ubuntu24_stig : Reset syscalls found per file] **********
skipping: [localhost]

TASK [/stigforge/roles/ubuntu24_stig : Declare syscalls found per file] ********
skipping: [localhost]

TASK [/stigforge/roles/ubuntu24_stig : Declare files where syscalls were found] ***
skipping: [localhost]

TASK [/stigforge/roles/ubuntu24_stig : Count occurrences of syscalls in paths] ***
skipping: [localhost]

TASK [/stigforge/roles/ubuntu24_stig : Get path with most syscalls] ************
skipping: [localhost]

TASK [/stigforge/roles/ubuntu24_stig : No file with syscall found, set path to /etc/audit/rules.d/perm_mod.rules] ***
skipping: [localhost]

TASK [/stigforge/roles/ubuntu24_stig : Declare found syscalls] *****************
skipping: [localhost]

TASK [/stigforge/roles/ubuntu24_stig : Declare missing syscalls] ***************
skipping: [localhost]

TASK [/stigforge/roles/ubuntu24_stig : Replace the audit rule in {{ audit_file }}] ***
skipping: [localhost]

TASK [/stigforge/roles/ubuntu24_stig : Add the audit rule to {{ audit_file }}] ***
skipping: [localhost]

TASK [/stigforge/roles/ubuntu24_stig : Declare list of syscalls] ***************
skipping: [localhost]

TASK [/stigforge/roles/ubuntu24_stig : Check existence of lremovexattr in /etc/audit/audit.rules] ***
skipping: [localhost]

TASK [/stigforge/roles/ubuntu24_stig : Set path to /etc/audit/audit.rules] *****
skipping: [localhost]

TASK [/stigforge/roles/ubuntu24_stig : Declare found syscalls] *****************
skipping: [localhost]

TASK [/stigforge/roles/ubuntu24_stig : Declare missing syscalls] ***************
skipping: [localhost]

TASK [/stigforge/roles/ubuntu24_stig : Replace the audit rule in {{ audit_file }}] ***
skipping: [localhost]

TASK [/stigforge/roles/ubuntu24_stig : Add the audit rule to {{ audit_file }}] ***
skipping: [localhost]

TASK [/stigforge/roles/ubuntu24_stig : Declare list of syscalls] ***************
skipping: [localhost]

TASK [/stigforge/roles/ubuntu24_stig : Check existence of lremovexattr in /etc/audit/rules.d/] ***
skipping: [localhost]

TASK [/stigforge/roles/ubuntu24_stig : Reset syscalls found per file] **********
skipping: [localhost]

TASK [/stigforge/roles/ubuntu24_stig : Declare syscalls found per file] ********
skipping: [localhost]

TASK [/stigforge/roles/ubuntu24_stig : Declare files where syscalls were found] ***
skipping: [localhost]

TASK [/stigforge/roles/ubuntu24_stig : Count occurrences of syscalls in paths] ***
skipping: [localhost]

TASK [/stigforge/roles/ubuntu24_stig : Get path with most syscalls] ************
skipping: [localhost]

TASK [/stigforge/roles/ubuntu24_stig : No file with syscall found, set path to /etc/audit/rules.d/perm_mod.rules] ***
skipping: [localhost]

TASK [/stigforge/roles/ubuntu24_stig : Declare found syscalls] *****************
skipping: [localhost]

TASK [/stigforge/roles/ubuntu24_stig : Declare missing syscalls] ***************
skipping: [localhost]

TASK [/stigforge/roles/ubuntu24_stig : Replace the audit rule in {{ audit_file }}] ***
skipping: [localhost]

TASK [/stigforge/roles/ubuntu24_stig : Add the audit rule to {{ audit_file }}] ***
skipping: [localhost]

TASK [/stigforge/roles/ubuntu24_stig : Declare list of syscalls] ***************
skipping: [localhost]

TASK [/stigforge/roles/ubuntu24_stig : Check existence of lremovexattr in /etc/audit/audit.rules] ***
skipping: [localhost]

TASK [/stigforge/roles/ubuntu24_stig : Set path to /etc/audit/audit.rules] *****
skipping: [localhost]

TASK [/stigforge/roles/ubuntu24_stig : Declare found syscalls] *****************
skipping: [localhost]

TASK [/stigforge/roles/ubuntu24_stig : Declare missing syscalls] ***************
skipping: [localhost]

TASK [/stigforge/roles/ubuntu24_stig : Replace the audit rule in {{ audit_file }}] ***
skipping: [localhost]

TASK [/stigforge/roles/ubuntu24_stig : Add the audit rule to {{ audit_file }}] ***
skipping: [localhost]

TASK [/stigforge/roles/ubuntu24_stig : Set architecture for audit lsetxattr tasks] ***
skipping: [localhost]

TASK [/stigforge/roles/ubuntu24_stig : Declare list of syscalls] ***************
skipping: [localhost]

TASK [/stigforge/roles/ubuntu24_stig : Check existence of lsetxattr in /etc/audit/rules.d/] ***
skipping: [localhost]

TASK [/stigforge/roles/ubuntu24_stig : Reset syscalls found per file] **********
skipping: [localhost]

TASK [/stigforge/roles/ubuntu24_stig : Declare syscalls found per file] ********
skipping: [localhost]

TASK [/stigforge/roles/ubuntu24_stig : Declare files where syscalls were found] ***
skipping: [localhost]

TASK [/stigforge/roles/ubuntu24_stig : Count occurrences of syscalls in paths] ***
skipping: [localhost]

TASK [/stigforge/roles/ubuntu24_stig : Get path with most syscalls] ************
skipping: [localhost]

TASK [/stigforge/roles/ubuntu24_stig : No file with syscall found, set path to /etc/audit/rules.d/perm_mod.rules] ***
skipping: [localhost]

TASK [/stigforge/roles/ubuntu24_stig : Declare found syscalls] *****************
skipping: [localhost]

TASK [/stigforge/roles/ubuntu24_stig : Declare missing syscalls] ***************
skipping: [localhost]

TASK [/stigforge/roles/ubuntu24_stig : Replace the audit rule in {{ audit_file }}] ***
skipping: [localhost]

TASK [/stigforge/roles/ubuntu24_stig : Add the audit rule to {{ audit_file }}] ***
skipping: [localhost]

TASK [/stigforge/roles/ubuntu24_stig : Declare list of syscalls] ***************
skipping: [localhost]

TASK [/stigforge/roles/ubuntu24_stig : Check existence of lsetxattr in /etc/audit/audit.rules] ***
skipping: [localhost]

TASK [/stigforge/roles/ubuntu24_stig : Set path to /etc/audit/audit.rules] *****
skipping: [localhost]

TASK [/stigforge/roles/ubuntu24_stig : Declare found syscalls] *****************
skipping: [localhost]

TASK [/stigforge/roles/ubuntu24_stig : Declare missing syscalls] ***************
skipping: [localhost]

TASK [/stigforge/roles/ubuntu24_stig : Replace the audit rule in {{ audit_file }}] ***
skipping: [localhost]

TASK [/stigforge/roles/ubuntu24_stig : Add the audit rule to {{ audit_file }}] ***
skipping: [localhost]

TASK [/stigforge/roles/ubuntu24_stig : Declare list of syscalls] ***************
skipping: [localhost]

TASK [/stigforge/roles/ubuntu24_stig : Check existence of lsetxattr in /etc/audit/rules.d/] ***
skipping: [localhost]

TASK [/stigforge/roles/ubuntu24_stig : Reset syscalls found per file] **********
skipping: [localhost]

TASK [/stigforge/roles/ubuntu24_stig : Declare syscalls found per file] ********
skipping: [localhost]

TASK [/stigforge/roles/ubuntu24_stig : Declare files where syscalls were found] ***
skipping: [localhost]

TASK [/stigforge/roles/ubuntu24_stig : Count occurrences of syscalls in paths] ***
skipping: [localhost]

TASK [/stigforge/roles/ubuntu24_stig : Get path with most syscalls] ************
skipping: [localhost]

TASK [/stigforge/roles/ubuntu24_stig : No file with syscall found, set path to /etc/audit/rules.d/perm_mod.rules] ***
skipping: [localhost]

TASK [/stigforge/roles/ubuntu24_stig : Declare found syscalls] *****************
skipping: [localhost]

TASK [/stigforge/roles/ubuntu24_stig : Declare missing syscalls] ***************
skipping: [localhost]

TASK [/stigforge/roles/ubuntu24_stig : Replace the audit rule in {{ audit_file }}] ***
skipping: [localhost]

TASK [/stigforge/roles/ubuntu24_stig : Add the audit rule to {{ audit_file }}] ***
skipping: [localhost]

TASK [/stigforge/roles/ubuntu24_stig : Declare list of syscalls] ***************
skipping: [localhost]

TASK [/stigforge/roles/ubuntu24_stig : Check existence of lsetxattr in /etc/audit/audit.rules] ***
skipping: [localhost]

TASK [/stigforge/roles/ubuntu24_stig : Set path to /etc/audit/audit.rules] *****
skipping: [localhost]

TASK [/stigforge/roles/ubuntu24_stig : Declare found syscalls] *****************
skipping: [localhost]

TASK [/stigforge/roles/ubuntu24_stig : Declare missing syscalls] ***************
skipping: [localhost]

TASK [/stigforge/roles/ubuntu24_stig : Replace the audit rule in {{ audit_file }}] ***
skipping: [localhost]

TASK [/stigforge/roles/ubuntu24_stig : Add the audit rule to {{ audit_file }}] ***
skipping: [localhost]

TASK [/stigforge/roles/ubuntu24_stig : Declare list of syscalls] ***************
skipping: [localhost]

TASK [/stigforge/roles/ubuntu24_stig : Check existence of lsetxattr in /etc/audit/rules.d/] ***
skipping: [localhost]

TASK [/stigforge/roles/ubuntu24_stig : Reset syscalls found per file] **********
skipping: [localhost]

TASK [/stigforge/roles/ubuntu24_stig : Declare syscalls found per file] ********
skipping: [localhost]

TASK [/stigforge/roles/ubuntu24_stig : Declare files where syscalls were found] ***
skipping: [localhost]

TASK [/stigforge/roles/ubuntu24_stig : Count occurrences of syscalls in paths] ***
skipping: [localhost]

TASK [/stigforge/roles/ubuntu24_stig : Get path with most syscalls] ************
skipping: [localhost]

TASK [/stigforge/roles/ubuntu24_stig : No file with syscall found, set path to /etc/audit/rules.d/perm_mod.rules] ***
skipping: [localhost]

TASK [/stigforge/roles/ubuntu24_stig : Declare found syscalls] *****************
skipping: [localhost]

TASK [/stigforge/roles/ubuntu24_stig : Declare missing syscalls] ***************
skipping: [localhost]

TASK [/stigforge/roles/ubuntu24_stig : Replace the audit rule in {{ audit_file }}] ***
skipping: [localhost]

TASK [/stigforge/roles/ubuntu24_stig : Add the audit rule to {{ audit_file }}] ***
skipping: [localhost]

TASK [/stigforge/roles/ubuntu24_stig : Declare list of syscalls] ***************
skipping: [localhost]

TASK [/stigforge/roles/ubuntu24_stig : Check existence of lsetxattr in /etc/audit/audit.rules] ***
skipping: [localhost]

TASK [/stigforge/roles/ubuntu24_stig : Set path to /etc/audit/audit.rules] *****
skipping: [localhost]

TASK [/stigforge/roles/ubuntu24_stig : Declare found syscalls] *****************
skipping: [localhost]

TASK [/stigforge/roles/ubuntu24_stig : Declare missing syscalls] ***************
skipping: [localhost]

TASK [/stigforge/roles/ubuntu24_stig : Replace the audit rule in {{ audit_file }}] ***
skipping: [localhost]

TASK [/stigforge/roles/ubuntu24_stig : Add the audit rule to {{ audit_file }}] ***
skipping: [localhost]

TASK [/stigforge/roles/ubuntu24_stig : Declare list of syscalls] ***************
skipping: [localhost]

TASK [/stigforge/roles/ubuntu24_stig : Check existence of lsetxattr in /etc/audit/rules.d/] ***
skipping: [localhost]

TASK [/stigforge/roles/ubuntu24_stig : Reset syscalls found per file] **********
skipping: [localhost]

TASK [/stigforge/roles/ubuntu24_stig : Declare syscalls found per file] ********
skipping: [localhost]

TASK [/stigforge/roles/ubuntu24_stig : Declare files where syscalls were found] ***
skipping: [localhost]

TASK [/stigforge/roles/ubuntu24_stig : Count occurrences of syscalls in paths] ***
skipping: [localhost]

TASK [/stigforge/roles/ubuntu24_stig : Get path with most syscalls] ************
skipping: [localhost]

TASK [/stigforge/roles/ubuntu24_stig : No file with syscall found, set path to /etc/audit/rules.d/perm_mod.rules] ***
skipping: [localhost]

TASK [/stigforge/roles/ubuntu24_stig : Declare found syscalls] *****************
skipping: [localhost]

TASK [/stigforge/roles/ubuntu24_stig : Declare missing syscalls] ***************
skipping: [localhost]

TASK [/stigforge/roles/ubuntu24_stig : Replace the audit rule in {{ audit_file }}] ***
skipping: [localhost]

TASK [/stigforge/roles/ubuntu24_stig : Add the audit rule to {{ audit_file }}] ***
skipping: [localhost]

TASK [/stigforge/roles/ubuntu24_stig : Declare list of syscalls] ***************
skipping: [localhost]

TASK [/stigforge/roles/ubuntu24_stig : Check existence of lsetxattr in /etc/audit/audit.rules] ***
skipping: [localhost]

TASK [/stigforge/roles/ubuntu24_stig : Set path to /etc/audit/audit.rules] *****
skipping: [localhost]

TASK [/stigforge/roles/ubuntu24_stig : Declare found syscalls] *****************
skipping: [localhost]

TASK [/stigforge/roles/ubuntu24_stig : Declare missing syscalls] ***************
skipping: [localhost]

TASK [/stigforge/roles/ubuntu24_stig : Replace the audit rule in {{ audit_file }}] ***
skipping: [localhost]

TASK [/stigforge/roles/ubuntu24_stig : Add the audit rule to {{ audit_file }}] ***
skipping: [localhost]

TASK [/stigforge/roles/ubuntu24_stig : Set architecture for audit removexattr tasks] ***
skipping: [localhost]

TASK [/stigforge/roles/ubuntu24_stig : Declare list of syscalls] ***************
skipping: [localhost]

TASK [/stigforge/roles/ubuntu24_stig : Check existence of removexattr in /etc/audit/rules.d/] ***
skipping: [localhost]

TASK [/stigforge/roles/ubuntu24_stig : Reset syscalls found per file] **********
skipping: [localhost]

TASK [/stigforge/roles/ubuntu24_stig : Declare syscalls found per file] ********
skipping: [localhost]

TASK [/stigforge/roles/ubuntu24_stig : Declare files where syscalls were found] ***
skipping: [localhost]

TASK [/stigforge/roles/ubuntu24_stig : Count occurrences of syscalls in paths] ***
skipping: [localhost]

TASK [/stigforge/roles/ubuntu24_stig : Get path with most syscalls] ************
skipping: [localhost]

TASK [/stigforge/roles/ubuntu24_stig : No file with syscall found, set path to /etc/audit/rules.d/perm_mod.rules] ***
skipping: [localhost]

TASK [/stigforge/roles/ubuntu24_stig : Declare found syscalls] *****************
skipping: [localhost]

TASK [/stigforge/roles/ubuntu24_stig : Declare missing syscalls] ***************
skipping: [localhost]

TASK [/stigforge/roles/ubuntu24_stig : Replace the audit rule in {{ audit_file }}] ***
skipping: [localhost]

TASK [/stigforge/roles/ubuntu24_stig : Add the audit rule to {{ audit_file }}] ***
skipping: [localhost]

TASK [/stigforge/roles/ubuntu24_stig : Declare list of syscalls] ***************
skipping: [localhost]

TASK [/stigforge/roles/ubuntu24_stig : Check existence of removexattr in /etc/audit/audit.rules] ***
skipping: [localhost]

TASK [/stigforge/roles/ubuntu24_stig : Set path to /etc/audit/audit.rules] *****
skipping: [localhost]

TASK [/stigforge/roles/ubuntu24_stig : Declare found syscalls] *****************
skipping: [localhost]

TASK [/stigforge/roles/ubuntu24_stig : Declare missing syscalls] ***************
skipping: [localhost]

TASK [/stigforge/roles/ubuntu24_stig : Replace the audit rule in {{ audit_file }}] ***
skipping: [localhost]

TASK [/stigforge/roles/ubuntu24_stig : Add the audit rule to {{ audit_file }}] ***
skipping: [localhost]

TASK [/stigforge/roles/ubuntu24_stig : Declare list of syscalls] ***************
skipping: [localhost]

TASK [/stigforge/roles/ubuntu24_stig : Check existence of removexattr in /etc/audit/rules.d/] ***
skipping: [localhost]

TASK [/stigforge/roles/ubuntu24_stig : Reset syscalls found per file] **********
skipping: [localhost]

TASK [/stigforge/roles/ubuntu24_stig : Declare syscalls found per file] ********
skipping: [localhost]

TASK [/stigforge/roles/ubuntu24_stig : Declare files where syscalls were found] ***
skipping: [localhost]

TASK [/stigforge/roles/ubuntu24_stig : Count occurrences of syscalls in paths] ***
skipping: [localhost]

TASK [/stigforge/roles/ubuntu24_stig : Get path with most syscalls] ************
skipping: [localhost]

TASK [/stigforge/roles/ubuntu24_stig : No file with syscall found, set path to /etc/audit/rules.d/perm_mod.rules] ***
skipping: [localhost]

TASK [/stigforge/roles/ubuntu24_stig : Declare found syscalls] *****************
skipping: [localhost]

TASK [/stigforge/roles/ubuntu24_stig : Declare missing syscalls] ***************
skipping: [localhost]

TASK [/stigforge/roles/ubuntu24_stig : Replace the audit rule in {{ audit_file }}] ***
skipping: [localhost]

TASK [/stigforge/roles/ubuntu24_stig : Add the audit rule to {{ audit_file }}] ***
skipping: [localhost]

TASK [/stigforge/roles/ubuntu24_stig : Declare list of syscalls] ***************
skipping: [localhost]

TASK [/stigforge/roles/ubuntu24_stig : Check existence of removexattr in /etc/audit/audit.rules] ***
skipping: [localhost]

TASK [/stigforge/roles/ubuntu24_stig : Set path to /etc/audit/audit.rules] *****
skipping: [localhost]

TASK [/stigforge/roles/ubuntu24_stig : Declare found syscalls] *****************
skipping: [localhost]

TASK [/stigforge/roles/ubuntu24_stig : Declare missing syscalls] ***************
skipping: [localhost]

TASK [/stigforge/roles/ubuntu24_stig : Replace the audit rule in {{ audit_file }}] ***
skipping: [localhost]

TASK [/stigforge/roles/ubuntu24_stig : Add the audit rule to {{ audit_file }}] ***
skipping: [localhost]

TASK [/stigforge/roles/ubuntu24_stig : Declare list of syscalls] ***************
skipping: [localhost]

TASK [/stigforge/roles/ubuntu24_stig : Check existence of removexattr in /etc/audit/rules.d/] ***
skipping: [localhost]

TASK [/stigforge/roles/ubuntu24_stig : Reset syscalls found per file] **********
skipping: [localhost]

TASK [/stigforge/roles/ubuntu24_stig : Declare syscalls found per file] ********
skipping: [localhost]

TASK [/stigforge/roles/ubuntu24_stig : Declare files where syscalls were found] ***
skipping: [localhost]

TASK [/stigforge/roles/ubuntu24_stig : Count occurrences of syscalls in paths] ***
skipping: [localhost]

TASK [/stigforge/roles/ubuntu24_stig : Get path with most syscalls] ************
skipping: [localhost]

TASK [/stigforge/roles/ubuntu24_stig : No file with syscall found, set path to /etc/audit/rules.d/perm_mod.rules] ***
skipping: [localhost]

TASK [/stigforge/roles/ubuntu24_stig : Declare found syscalls] *****************
skipping: [localhost]

TASK [/stigforge/roles/ubuntu24_stig : Declare missing syscalls] ***************
skipping: [localhost]

TASK [/stigforge/roles/ubuntu24_stig : Replace the audit rule in {{ audit_file }}] ***
skipping: [localhost]

TASK [/stigforge/roles/ubuntu24_stig : Add the audit rule to {{ audit_file }}] ***
skipping: [localhost]

TASK [/stigforge/roles/ubuntu24_stig : Declare list of syscalls] ***************
skipping: [localhost]

TASK [/stigforge/roles/ubuntu24_stig : Check existence of removexattr in /etc/audit/audit.rules] ***
skipping: [localhost]

TASK [/stigforge/roles/ubuntu24_stig : Set path to /etc/audit/audit.rules] *****
skipping: [localhost]

TASK [/stigforge/roles/ubuntu24_stig : Declare found syscalls] *****************
skipping: [localhost]

TASK [/stigforge/roles/ubuntu24_stig : Declare missing syscalls] ***************
skipping: [localhost]

TASK [/stigforge/roles/ubuntu24_stig : Replace the audit rule in {{ audit_file }}] ***
skipping: [localhost]

TASK [/stigforge/roles/ubuntu24_stig : Add the audit rule to {{ audit_file }}] ***
skipping: [localhost]

TASK [/stigforge/roles/ubuntu24_stig : Declare list of syscalls] ***************
skipping: [localhost]

TASK [/stigforge/roles/ubuntu24_stig : Check existence of removexattr in /etc/audit/rules.d/] ***
skipping: [localhost]

TASK [/stigforge/roles/ubuntu24_stig : Reset syscalls found per file] **********
skipping: [localhost]

TASK [/stigforge/roles/ubuntu24_stig : Declare syscalls found per file] ********
skipping: [localhost]

TASK [/stigforge/roles/ubuntu24_stig : Declare files where syscalls were found] ***
skipping: [localhost]

TASK [/stigforge/roles/ubuntu24_stig : Count occurrences of syscalls in paths] ***
skipping: [localhost]

TASK [/stigforge/roles/ubuntu24_stig : Get path with most syscalls] ************
skipping: [localhost]

TASK [/stigforge/roles/ubuntu24_stig : No file with syscall found, set path to /etc/audit/rules.d/perm_mod.rules] ***
skipping: [localhost]

TASK [/stigforge/roles/ubuntu24_stig : Declare found syscalls] *****************
skipping: [localhost]

TASK [/stigforge/roles/ubuntu24_stig : Declare missing syscalls] ***************
skipping: [localhost]

TASK [/stigforge/roles/ubuntu24_stig : Replace the audit rule in {{ audit_file }}] ***
skipping: [localhost]

TASK [/stigforge/roles/ubuntu24_stig : Add the audit rule to {{ audit_file }}] ***
skipping: [localhost]

TASK [/stigforge/roles/ubuntu24_stig : Declare list of syscalls] ***************
skipping: [localhost]

TASK [/stigforge/roles/ubuntu24_stig : Check existence of removexattr in /etc/audit/audit.rules] ***
skipping: [localhost]

TASK [/stigforge/roles/ubuntu24_stig : Set path to /etc/audit/audit.rules] *****
skipping: [localhost]

TASK [/stigforge/roles/ubuntu24_stig : Declare found syscalls] *****************
skipping: [localhost]

TASK [/stigforge/roles/ubuntu24_stig : Declare missing syscalls] ***************
skipping: [localhost]

TASK [/stigforge/roles/ubuntu24_stig : Replace the audit rule in {{ audit_file }}] ***
skipping: [localhost]

TASK [/stigforge/roles/ubuntu24_stig : Add the audit rule to {{ audit_file }}] ***
skipping: [localhost]

TASK [/stigforge/roles/ubuntu24_stig : Set architecture for audit setxattr tasks] ***
skipping: [localhost]

TASK [/stigforge/roles/ubuntu24_stig : Declare list of syscalls] ***************
skipping: [localhost]

TASK [/stigforge/roles/ubuntu24_stig : Check existence of setxattr in /etc/audit/rules.d/] ***
skipping: [localhost]

TASK [/stigforge/roles/ubuntu24_stig : Reset syscalls found per file] **********
skipping: [localhost]

TASK [/stigforge/roles/ubuntu24_stig : Declare syscalls found per file] ********
skipping: [localhost]

TASK [/stigforge/roles/ubuntu24_stig : Declare files where syscalls were found] ***
skipping: [localhost]

TASK [/stigforge/roles/ubuntu24_stig : Count occurrences of syscalls in paths] ***
skipping: [localhost]

TASK [/stigforge/roles/ubuntu24_stig : Get path with most syscalls] ************
skipping: [localhost]

TASK [/stigforge/roles/ubuntu24_stig : No file with syscall found, set path to /etc/audit/rules.d/perm_mod.rules] ***
skipping: [localhost]

TASK [/stigforge/roles/ubuntu24_stig : Declare found syscalls] *****************
skipping: [localhost]

TASK [/stigforge/roles/ubuntu24_stig : Declare missing syscalls] ***************
skipping: [localhost]

TASK [/stigforge/roles/ubuntu24_stig : Replace the audit rule in {{ audit_file }}] ***
skipping: [localhost]

TASK [/stigforge/roles/ubuntu24_stig : Add the audit rule to {{ audit_file }}] ***
skipping: [localhost]

TASK [/stigforge/roles/ubuntu24_stig : Declare list of syscalls] ***************
skipping: [localhost]

TASK [/stigforge/roles/ubuntu24_stig : Check existence of setxattr in /etc/audit/audit.rules] ***
skipping: [localhost]

TASK [/stigforge/roles/ubuntu24_stig : Set path to /etc/audit/audit.rules] *****
skipping: [localhost]

TASK [/stigforge/roles/ubuntu24_stig : Declare found syscalls] *****************
skipping: [localhost]

TASK [/stigforge/roles/ubuntu24_stig : Declare missing syscalls] ***************
skipping: [localhost]

TASK [/stigforge/roles/ubuntu24_stig : Replace the audit rule in {{ audit_file }}] ***
skipping: [localhost]

TASK [/stigforge/roles/ubuntu24_stig : Add the audit rule to {{ audit_file }}] ***
skipping: [localhost]

TASK [/stigforge/roles/ubuntu24_stig : Declare list of syscalls] ***************
skipping: [localhost]

TASK [/stigforge/roles/ubuntu24_stig : Check existence of setxattr in /etc/audit/rules.d/] ***
skipping: [localhost]

TASK [/stigforge/roles/ubuntu24_stig : Reset syscalls found per file] **********
skipping: [localhost]

TASK [/stigforge/roles/ubuntu24_stig : Declare syscalls found per file] ********
skipping: [localhost]

TASK [/stigforge/roles/ubuntu24_stig : Declare files where syscalls were found] ***
skipping: [localhost]

TASK [/stigforge/roles/ubuntu24_stig : Count occurrences of syscalls in paths] ***
skipping: [localhost]

TASK [/stigforge/roles/ubuntu24_stig : Get path with most syscalls] ************
skipping: [localhost]

TASK [/stigforge/roles/ubuntu24_stig : No file with syscall found, set path to /etc/audit/rules.d/perm_mod.rules] ***
skipping: [localhost]

TASK [/stigforge/roles/ubuntu24_stig : Declare found syscalls] *****************
skipping: [localhost]

TASK [/stigforge/roles/ubuntu24_stig : Declare missing syscalls] ***************
skipping: [localhost]

TASK [/stigforge/roles/ubuntu24_stig : Replace the audit rule in {{ audit_file }}] ***
skipping: [localhost]

TASK [/stigforge/roles/ubuntu24_stig : Add the audit rule to {{ audit_file }}] ***
skipping: [localhost]

TASK [/stigforge/roles/ubuntu24_stig : Declare list of syscalls] ***************
skipping: [localhost]

TASK [/stigforge/roles/ubuntu24_stig : Check existence of setxattr in /etc/audit/audit.rules] ***
skipping: [localhost]

TASK [/stigforge/roles/ubuntu24_stig : Set path to /etc/audit/audit.rules] *****
skipping: [localhost]

TASK [/stigforge/roles/ubuntu24_stig : Declare found syscalls] *****************
skipping: [localhost]

TASK [/stigforge/roles/ubuntu24_stig : Declare missing syscalls] ***************
skipping: [localhost]

TASK [/stigforge/roles/ubuntu24_stig : Replace the audit rule in {{ audit_file }}] ***
skipping: [localhost]

TASK [/stigforge/roles/ubuntu24_stig : Add the audit rule to {{ audit_file }}] ***
skipping: [localhost]

TASK [/stigforge/roles/ubuntu24_stig : Declare list of syscalls] ***************
skipping: [localhost]

TASK [/stigforge/roles/ubuntu24_stig : Check existence of setxattr in /etc/audit/rules.d/] ***
skipping: [localhost]

TASK [/stigforge/roles/ubuntu24_stig : Reset syscalls found per file] **********
skipping: [localhost]

TASK [/stigforge/roles/ubuntu24_stig : Declare syscalls found per file] ********
skipping: [localhost]

TASK [/stigforge/roles/ubuntu24_stig : Declare files where syscalls were found] ***
skipping: [localhost]

TASK [/stigforge/roles/ubuntu24_stig : Count occurrences of syscalls in paths] ***
skipping: [localhost]

TASK [/stigforge/roles/ubuntu24_stig : Get path with most syscalls] ************
skipping: [localhost]

TASK [/stigforge/roles/ubuntu24_stig : No file with syscall found, set path to /etc/audit/rules.d/perm_mod.rules] ***
skipping: [localhost]

TASK [/stigforge/roles/ubuntu24_stig : Declare found syscalls] *****************
skipping: [localhost]

TASK [/stigforge/roles/ubuntu24_stig : Declare missing syscalls] ***************
skipping: [localhost]

TASK [/stigforge/roles/ubuntu24_stig : Replace the audit rule in {{ audit_file }}] ***
skipping: [localhost]

TASK [/stigforge/roles/ubuntu24_stig : Add the audit rule to {{ audit_file }}] ***
skipping: [localhost]

TASK [/stigforge/roles/ubuntu24_stig : Declare list of syscalls] ***************
skipping: [localhost]

TASK [/stigforge/roles/ubuntu24_stig : Check existence of setxattr in /etc/audit/audit.rules] ***
skipping: [localhost]

TASK [/stigforge/roles/ubuntu24_stig : Set path to /etc/audit/audit.rules] *****
skipping: [localhost]

TASK [/stigforge/roles/ubuntu24_stig : Declare found syscalls] *****************
skipping: [localhost]

TASK [/stigforge/roles/ubuntu24_stig : Declare missing syscalls] ***************
skipping: [localhost]

TASK [/stigforge/roles/ubuntu24_stig : Replace the audit rule in {{ audit_file }}] ***
skipping: [localhost]

TASK [/stigforge/roles/ubuntu24_stig : Add the audit rule to {{ audit_file }}] ***
skipping: [localhost]

TASK [/stigforge/roles/ubuntu24_stig : Declare list of syscalls] ***************
skipping: [localhost]

TASK [/stigforge/roles/ubuntu24_stig : Check existence of setxattr in /etc/audit/rules.d/] ***
skipping: [localhost]

TASK [/stigforge/roles/ubuntu24_stig : Reset syscalls found per file] **********
skipping: [localhost]

TASK [/stigforge/roles/ubuntu24_stig : Declare syscalls found per file] ********
skipping: [localhost]

TASK [/stigforge/roles/ubuntu24_stig : Declare files where syscalls were found] ***
skipping: [localhost]

TASK [/stigforge/roles/ubuntu24_stig : Count occurrences of syscalls in paths] ***
skipping: [localhost]

TASK [/stigforge/roles/ubuntu24_stig : Get path with most syscalls] ************
skipping: [localhost]

TASK [/stigforge/roles/ubuntu24_stig : No file with syscall found, set path to /etc/audit/rules.d/perm_mod.rules] ***
skipping: [localhost]

TASK [/stigforge/roles/ubuntu24_stig : Declare found syscalls] *****************
skipping: [localhost]

TASK [/stigforge/roles/ubuntu24_stig : Declare missing syscalls] ***************
skipping: [localhost]

TASK [/stigforge/roles/ubuntu24_stig : Replace the audit rule in {{ audit_file }}] ***
skipping: [localhost]

TASK [/stigforge/roles/ubuntu24_stig : Add the audit rule to {{ audit_file }}] ***
skipping: [localhost]

TASK [/stigforge/roles/ubuntu24_stig : Declare list of syscalls] ***************
skipping: [localhost]

TASK [/stigforge/roles/ubuntu24_stig : Check existence of setxattr in /etc/audit/audit.rules] ***
skipping: [localhost]

TASK [/stigforge/roles/ubuntu24_stig : Set path to /etc/audit/audit.rules] *****
skipping: [localhost]

TASK [/stigforge/roles/ubuntu24_stig : Declare found syscalls] *****************
skipping: [localhost]

TASK [/stigforge/roles/ubuntu24_stig : Declare missing syscalls] ***************
skipping: [localhost]

TASK [/stigforge/roles/ubuntu24_stig : Replace the audit rule in {{ audit_file }}] ***
skipping: [localhost]

TASK [/stigforge/roles/ubuntu24_stig : Add the audit rule to {{ audit_file }}] ***
skipping: [localhost]

TASK [/stigforge/roles/ubuntu24_stig : Declare list of syscalls] ***************
skipping: [localhost]

TASK [/stigforge/roles/ubuntu24_stig : Check existence of  in /etc/audit/rules.d/] ***
skipping: [localhost]

TASK [/stigforge/roles/ubuntu24_stig : Reset syscalls found per file] **********
skipping: [localhost]

TASK [/stigforge/roles/ubuntu24_stig : Declare syscalls found per file] ********
skipping: [localhost]

TASK [/stigforge/roles/ubuntu24_stig : Declare files where syscalls were found] ***
skipping: [localhost]

TASK [/stigforge/roles/ubuntu24_stig : Count occurrences of syscalls in paths] ***
skipping: [localhost]

TASK [/stigforge/roles/ubuntu24_stig : Get path with most syscalls] ************
skipping: [localhost]

TASK [/stigforge/roles/ubuntu24_stig : No file with syscall found, set path to /etc/audit/rules.d/privileged.rules] ***
skipping: [localhost]

TASK [/stigforge/roles/ubuntu24_stig : Declare found syscalls] *****************
skipping: [localhost]

TASK [/stigforge/roles/ubuntu24_stig : Declare missing syscalls] ***************
skipping: [localhost]

TASK [/stigforge/roles/ubuntu24_stig : Replace the audit rule in {{ audit_file }}] ***
skipping: [localhost]

TASK [/stigforge/roles/ubuntu24_stig : Add the audit rule to {{ audit_file }}] ***
skipping: [localhost]

TASK [/stigforge/roles/ubuntu24_stig : Declare list of syscalls] ***************
skipping: [localhost]

TASK [/stigforge/roles/ubuntu24_stig : Check existence of  in /etc/audit/audit.rules] ***
skipping: [localhost]

TASK [/stigforge/roles/ubuntu24_stig : Set path to /etc/audit/audit.rules] *****
skipping: [localhost]

TASK [/stigforge/roles/ubuntu24_stig : Declare found syscalls] *****************
skipping: [localhost]

TASK [/stigforge/roles/ubuntu24_stig : Declare missing syscalls] ***************
skipping: [localhost]

TASK [/stigforge/roles/ubuntu24_stig : Replace the audit rule in {{ audit_file }}] ***
skipping: [localhost]

TASK [/stigforge/roles/ubuntu24_stig : Add the audit rule to {{ audit_file }}] ***
skipping: [localhost]

TASK [/stigforge/roles/ubuntu24_stig : Declare list of syscalls] ***************
skipping: [localhost]

TASK [/stigforge/roles/ubuntu24_stig : Check existence of  in /etc/audit/rules.d/] ***
skipping: [localhost]

TASK [/stigforge/roles/ubuntu24_stig : Reset syscalls found per file] **********
skipping: [localhost]

TASK [/stigforge/roles/ubuntu24_stig : Declare syscalls found per file] ********
skipping: [localhost]

TASK [/stigforge/roles/ubuntu24_stig : Declare files where syscalls were found] ***
skipping: [localhost]

TASK [/stigforge/roles/ubuntu24_stig : Count occurrences of syscalls in paths] ***
skipping: [localhost]

TASK [/stigforge/roles/ubuntu24_stig : Get path with most syscalls] ************
skipping: [localhost]

TASK [/stigforge/roles/ubuntu24_stig : No file with syscall found, set path to /etc/audit/rules.d/privileged.rules] ***
skipping: [localhost]

TASK [/stigforge/roles/ubuntu24_stig : Declare found syscalls] *****************
skipping: [localhost]

TASK [/stigforge/roles/ubuntu24_stig : Declare missing syscalls] ***************
skipping: [localhost]

TASK [/stigforge/roles/ubuntu24_stig : Replace the audit rule in {{ audit_file }}] ***
skipping: [localhost]

TASK [/stigforge/roles/ubuntu24_stig : Add the audit rule to {{ audit_file }}] ***
skipping: [localhost]

TASK [/stigforge/roles/ubuntu24_stig : Declare list of syscalls] ***************
skipping: [localhost]

TASK [/stigforge/roles/ubuntu24_stig : Check existence of  in /etc/audit/audit.rules] ***
skipping: [localhost]

TASK [/stigforge/roles/ubuntu24_stig : Set path to /etc/audit/audit.rules] *****
skipping: [localhost]

TASK [/stigforge/roles/ubuntu24_stig : Declare found syscalls] *****************
skipping: [localhost]

TASK [/stigforge/roles/ubuntu24_stig : Declare missing syscalls] ***************
skipping: [localhost]

TASK [/stigforge/roles/ubuntu24_stig : Replace the audit rule in {{ audit_file }}] ***
skipping: [localhost]

TASK [/stigforge/roles/ubuntu24_stig : Add the audit rule to {{ audit_file }}] ***
skipping: [localhost]

TASK [/stigforge/roles/ubuntu24_stig : Declare list of syscalls] ***************
skipping: [localhost]

TASK [/stigforge/roles/ubuntu24_stig : Check existence of  in /etc/audit/rules.d/] ***
skipping: [localhost]

TASK [/stigforge/roles/ubuntu24_stig : Reset syscalls found per file] **********
skipping: [localhost]

TASK [/stigforge/roles/ubuntu24_stig : Declare syscalls found per file] ********
skipping: [localhost]

TASK [/stigforge/roles/ubuntu24_stig : Declare files where syscalls were found] ***
skipping: [localhost]

TASK [/stigforge/roles/ubuntu24_stig : Count occurrences of syscalls in paths] ***
skipping: [localhost]

TASK [/stigforge/roles/ubuntu24_stig : Get path with most syscalls] ************
skipping: [localhost]

TASK [/stigforge/roles/ubuntu24_stig : No file with syscall found, set path to /etc/audit/rules.d/privileged.rules] ***
skipping: [localhost]

TASK [/stigforge/roles/ubuntu24_stig : Declare found syscalls] *****************
skipping: [localhost]

TASK [/stigforge/roles/ubuntu24_stig : Declare missing syscalls] ***************
skipping: [localhost]

TASK [/stigforge/roles/ubuntu24_stig : Replace the audit rule in {{ audit_file }}] ***
skipping: [localhost]

TASK [/stigforge/roles/ubuntu24_stig : Add the audit rule to {{ audit_file }}] ***
skipping: [localhost]

TASK [/stigforge/roles/ubuntu24_stig : Declare list of syscalls] ***************
skipping: [localhost]

TASK [/stigforge/roles/ubuntu24_stig : Check existence of  in /etc/audit/audit.rules] ***
skipping: [localhost]

TASK [/stigforge/roles/ubuntu24_stig : Set path to /etc/audit/audit.rules] *****
skipping: [localhost]

TASK [/stigforge/roles/ubuntu24_stig : Declare found syscalls] *****************
skipping: [localhost]

TASK [/stigforge/roles/ubuntu24_stig : Declare missing syscalls] ***************
skipping: [localhost]

TASK [/stigforge/roles/ubuntu24_stig : Replace the audit rule in {{ audit_file }}] ***
skipping: [localhost]

TASK [/stigforge/roles/ubuntu24_stig : Add the audit rule to {{ audit_file }}] ***
skipping: [localhost]

TASK [/stigforge/roles/ubuntu24_stig : Set architecture for audit rename tasks] ***
skipping: [localhost]

TASK [/stigforge/roles/ubuntu24_stig : Declare list of syscalls] ***************
skipping: [localhost]

TASK [/stigforge/roles/ubuntu24_stig : Check existence of rename in /etc/audit/rules.d/] ***
skipping: [localhost]

TASK [/stigforge/roles/ubuntu24_stig : Reset syscalls found per file] **********
skipping: [localhost]

TASK [/stigforge/roles/ubuntu24_stig : Declare syscalls found per file] ********
skipping: [localhost]

TASK [/stigforge/roles/ubuntu24_stig : Declare files where syscalls were found] ***
skipping: [localhost]

TASK [/stigforge/roles/ubuntu24_stig : Count occurrences of syscalls in paths] ***
skipping: [localhost]

TASK [/stigforge/roles/ubuntu24_stig : Get path with most syscalls] ************
skipping: [localhost]

TASK [/stigforge/roles/ubuntu24_stig : No file with syscall found, set path to /etc/audit/rules.d/delete.rules] ***
skipping: [localhost]

TASK [/stigforge/roles/ubuntu24_stig : Declare found syscalls] *****************
skipping: [localhost]

TASK [/stigforge/roles/ubuntu24_stig : Declare missing syscalls] ***************
skipping: [localhost]

TASK [/stigforge/roles/ubuntu24_stig : Replace the audit rule in {{ audit_file }}] ***
skipping: [localhost]

TASK [/stigforge/roles/ubuntu24_stig : Add the audit rule to {{ audit_file }}] ***
skipping: [localhost]

TASK [/stigforge/roles/ubuntu24_stig : Declare list of syscalls] ***************
skipping: [localhost]

TASK [/stigforge/roles/ubuntu24_stig : Check existence of rename in /etc/audit/audit.rules] ***
skipping: [localhost]

TASK [/stigforge/roles/ubuntu24_stig : Set path to /etc/audit/audit.rules] *****
skipping: [localhost]

TASK [/stigforge/roles/ubuntu24_stig : Declare found syscalls] *****************
skipping: [localhost]

TASK [/stigforge/roles/ubuntu24_stig : Declare missing syscalls] ***************
skipping: [localhost]

TASK [/stigforge/roles/ubuntu24_stig : Replace the audit rule in {{ audit_file }}] ***
skipping: [localhost]

TASK [/stigforge/roles/ubuntu24_stig : Add the audit rule to {{ audit_file }}] ***
skipping: [localhost]

TASK [/stigforge/roles/ubuntu24_stig : Declare list of syscalls] ***************
skipping: [localhost]

TASK [/stigforge/roles/ubuntu24_stig : Check existence of rename in /etc/audit/rules.d/] ***
skipping: [localhost]

TASK [/stigforge/roles/ubuntu24_stig : Reset syscalls found per file] **********
skipping: [localhost]

TASK [/stigforge/roles/ubuntu24_stig : Declare syscalls found per file] ********
skipping: [localhost]

TASK [/stigforge/roles/ubuntu24_stig : Declare files where syscalls were found] ***
skipping: [localhost]

TASK [/stigforge/roles/ubuntu24_stig : Count occurrences of syscalls in paths] ***
skipping: [localhost]

TASK [/stigforge/roles/ubuntu24_stig : Get path with most syscalls] ************
skipping: [localhost]

TASK [/stigforge/roles/ubuntu24_stig : No file with syscall found, set path to /etc/audit/rules.d/delete.rules] ***
skipping: [localhost]

TASK [/stigforge/roles/ubuntu24_stig : Declare found syscalls] *****************
skipping: [localhost]

TASK [/stigforge/roles/ubuntu24_stig : Declare missing syscalls] ***************
skipping: [localhost]

TASK [/stigforge/roles/ubuntu24_stig : Replace the audit rule in {{ audit_file }}] ***
skipping: [localhost]

TASK [/stigforge/roles/ubuntu24_stig : Add the audit rule to {{ audit_file }}] ***
skipping: [localhost]

TASK [/stigforge/roles/ubuntu24_stig : Declare list of syscalls] ***************
skipping: [localhost]

TASK [/stigforge/roles/ubuntu24_stig : Check existence of rename in /etc/audit/audit.rules] ***
skipping: [localhost]

TASK [/stigforge/roles/ubuntu24_stig : Set path to /etc/audit/audit.rules] *****
skipping: [localhost]

TASK [/stigforge/roles/ubuntu24_stig : Declare found syscalls] *****************
skipping: [localhost]

TASK [/stigforge/roles/ubuntu24_stig : Declare missing syscalls] ***************
skipping: [localhost]

TASK [/stigforge/roles/ubuntu24_stig : Replace the audit rule in {{ audit_file }}] ***
skipping: [localhost]

TASK [/stigforge/roles/ubuntu24_stig : Add the audit rule to {{ audit_file }}] ***
skipping: [localhost]

TASK [/stigforge/roles/ubuntu24_stig : Set architecture for audit renameat tasks] ***
skipping: [localhost]

TASK [/stigforge/roles/ubuntu24_stig : Declare list of syscalls] ***************
skipping: [localhost]

TASK [/stigforge/roles/ubuntu24_stig : Check existence of renameat in /etc/audit/rules.d/] ***
skipping: [localhost]

TASK [/stigforge/roles/ubuntu24_stig : Reset syscalls found per file] **********
skipping: [localhost]

TASK [/stigforge/roles/ubuntu24_stig : Declare syscalls found per file] ********
skipping: [localhost]

TASK [/stigforge/roles/ubuntu24_stig : Declare files where syscalls were found] ***
skipping: [localhost]

TASK [/stigforge/roles/ubuntu24_stig : Count occurrences of syscalls in paths] ***
skipping: [localhost]

TASK [/stigforge/roles/ubuntu24_stig : Get path with most syscalls] ************
skipping: [localhost]

TASK [/stigforge/roles/ubuntu24_stig : No file with syscall found, set path to /etc/audit/rules.d/delete.rules] ***
skipping: [localhost]

TASK [/stigforge/roles/ubuntu24_stig : Declare found syscalls] *****************
skipping: [localhost]

TASK [/stigforge/roles/ubuntu24_stig : Declare missing syscalls] ***************
skipping: [localhost]

TASK [/stigforge/roles/ubuntu24_stig : Replace the audit rule in {{ audit_file }}] ***
skipping: [localhost]

TASK [/stigforge/roles/ubuntu24_stig : Add the audit rule to {{ audit_file }}] ***
skipping: [localhost]

TASK [/stigforge/roles/ubuntu24_stig : Declare list of syscalls] ***************
skipping: [localhost]

TASK [/stigforge/roles/ubuntu24_stig : Check existence of renameat in /etc/audit/audit.rules] ***
skipping: [localhost]

TASK [/stigforge/roles/ubuntu24_stig : Set path to /etc/audit/audit.rules] *****
skipping: [localhost]

TASK [/stigforge/roles/ubuntu24_stig : Declare found syscalls] *****************
skipping: [localhost]

TASK [/stigforge/roles/ubuntu24_stig : Declare missing syscalls] ***************
skipping: [localhost]

TASK [/stigforge/roles/ubuntu24_stig : Replace the audit rule in {{ audit_file }}] ***
skipping: [localhost]

TASK [/stigforge/roles/ubuntu24_stig : Add the audit rule to {{ audit_file }}] ***
skipping: [localhost]

TASK [/stigforge/roles/ubuntu24_stig : Declare list of syscalls] ***************
skipping: [localhost]

TASK [/stigforge/roles/ubuntu24_stig : Check existence of renameat in /etc/audit/rules.d/] ***
skipping: [localhost]

TASK [/stigforge/roles/ubuntu24_stig : Reset syscalls found per file] **********
skipping: [localhost]

TASK [/stigforge/roles/ubuntu24_stig : Declare syscalls found per file] ********
skipping: [localhost]

TASK [/stigforge/roles/ubuntu24_stig : Declare files where syscalls were found] ***
skipping: [localhost]

TASK [/stigforge/roles/ubuntu24_stig : Count occurrences of syscalls in paths] ***
skipping: [localhost]

TASK [/stigforge/roles/ubuntu24_stig : Get path with most syscalls] ************
skipping: [localhost]

TASK [/stigforge/roles/ubuntu24_stig : No file with syscall found, set path to /etc/audit/rules.d/delete.rules] ***
skipping: [localhost]

TASK [/stigforge/roles/ubuntu24_stig : Declare found syscalls] *****************
skipping: [localhost]

TASK [/stigforge/roles/ubuntu24_stig : Declare missing syscalls] ***************
skipping: [localhost]

TASK [/stigforge/roles/ubuntu24_stig : Replace the audit rule in {{ audit_file }}] ***
skipping: [localhost]

TASK [/stigforge/roles/ubuntu24_stig : Add the audit rule to {{ audit_file }}] ***
skipping: [localhost]

TASK [/stigforge/roles/ubuntu24_stig : Declare list of syscalls] ***************
skipping: [localhost]

TASK [/stigforge/roles/ubuntu24_stig : Check existence of renameat in /etc/audit/audit.rules] ***
skipping: [localhost]

TASK [/stigforge/roles/ubuntu24_stig : Set path to /etc/audit/audit.rules] *****
skipping: [localhost]

TASK [/stigforge/roles/ubuntu24_stig : Declare found syscalls] *****************
skipping: [localhost]

TASK [/stigforge/roles/ubuntu24_stig : Declare missing syscalls] ***************
skipping: [localhost]

TASK [/stigforge/roles/ubuntu24_stig : Replace the audit rule in {{ audit_file }}] ***
skipping: [localhost]

TASK [/stigforge/roles/ubuntu24_stig : Add the audit rule to {{ audit_file }}] ***
skipping: [localhost]

TASK [/stigforge/roles/ubuntu24_stig : Set architecture for audit rmdir tasks] ***
skipping: [localhost]

TASK [/stigforge/roles/ubuntu24_stig : Declare list of syscalls] ***************
skipping: [localhost]

TASK [/stigforge/roles/ubuntu24_stig : Check existence of rmdir in /etc/audit/rules.d/] ***
skipping: [localhost]

TASK [/stigforge/roles/ubuntu24_stig : Reset syscalls found per file] **********
skipping: [localhost]

TASK [/stigforge/roles/ubuntu24_stig : Declare syscalls found per file] ********
skipping: [localhost]

TASK [/stigforge/roles/ubuntu24_stig : Declare files where syscalls were found] ***
skipping: [localhost]

TASK [/stigforge/roles/ubuntu24_stig : Count occurrences of syscalls in paths] ***
skipping: [localhost]

TASK [/stigforge/roles/ubuntu24_stig : Get path with most syscalls] ************
skipping: [localhost]

TASK [/stigforge/roles/ubuntu24_stig : No file with syscall found, set path to /etc/audit/rules.d/delete.rules] ***
skipping: [localhost]

TASK [/stigforge/roles/ubuntu24_stig : Declare found syscalls] *****************
skipping: [localhost]

TASK [/stigforge/roles/ubuntu24_stig : Declare missing syscalls] ***************
skipping: [localhost]

TASK [/stigforge/roles/ubuntu24_stig : Replace the audit rule in {{ audit_file }}] ***
skipping: [localhost]

TASK [/stigforge/roles/ubuntu24_stig : Add the audit rule to {{ audit_file }}] ***
skipping: [localhost]

TASK [/stigforge/roles/ubuntu24_stig : Declare list of syscalls] ***************
skipping: [localhost]

TASK [/stigforge/roles/ubuntu24_stig : Check existence of rmdir in /etc/audit/audit.rules] ***
skipping: [localhost]

TASK [/stigforge/roles/ubuntu24_stig : Set path to /etc/audit/audit.rules] *****
skipping: [localhost]

TASK [/stigforge/roles/ubuntu24_stig : Declare found syscalls] *****************
skipping: [localhost]

TASK [/stigforge/roles/ubuntu24_stig : Declare missing syscalls] ***************
skipping: [localhost]

TASK [/stigforge/roles/ubuntu24_stig : Replace the audit rule in {{ audit_file }}] ***
skipping: [localhost]

TASK [/stigforge/roles/ubuntu24_stig : Add the audit rule to {{ audit_file }}] ***
skipping: [localhost]

TASK [/stigforge/roles/ubuntu24_stig : Declare list of syscalls] ***************
skipping: [localhost]

TASK [/stigforge/roles/ubuntu24_stig : Check existence of rmdir in /etc/audit/rules.d/] ***
skipping: [localhost]

TASK [/stigforge/roles/ubuntu24_stig : Reset syscalls found per file] **********
skipping: [localhost]

TASK [/stigforge/roles/ubuntu24_stig : Declare syscalls found per file] ********
skipping: [localhost]

TASK [/stigforge/roles/ubuntu24_stig : Declare files where syscalls were found] ***
skipping: [localhost]

TASK [/stigforge/roles/ubuntu24_stig : Count occurrences of syscalls in paths] ***
skipping: [localhost]

TASK [/stigforge/roles/ubuntu24_stig : Get path with most syscalls] ************
skipping: [localhost]

TASK [/stigforge/roles/ubuntu24_stig : No file with syscall found, set path to /etc/audit/rules.d/delete.rules] ***
skipping: [localhost]

TASK [/stigforge/roles/ubuntu24_stig : Declare found syscalls] *****************
skipping: [localhost]

TASK [/stigforge/roles/ubuntu24_stig : Declare missing syscalls] ***************
skipping: [localhost]

TASK [/stigforge/roles/ubuntu24_stig : Replace the audit rule in {{ audit_file }}] ***
skipping: [localhost]

TASK [/stigforge/roles/ubuntu24_stig : Add the audit rule to {{ audit_file }}] ***
skipping: [localhost]

TASK [/stigforge/roles/ubuntu24_stig : Declare list of syscalls] ***************
skipping: [localhost]

TASK [/stigforge/roles/ubuntu24_stig : Check existence of rmdir in /etc/audit/audit.rules] ***
skipping: [localhost]

TASK [/stigforge/roles/ubuntu24_stig : Set path to /etc/audit/audit.rules] *****
skipping: [localhost]

TASK [/stigforge/roles/ubuntu24_stig : Declare found syscalls] *****************
skipping: [localhost]

TASK [/stigforge/roles/ubuntu24_stig : Declare missing syscalls] ***************
skipping: [localhost]

TASK [/stigforge/roles/ubuntu24_stig : Replace the audit rule in {{ audit_file }}] ***
skipping: [localhost]

TASK [/stigforge/roles/ubuntu24_stig : Add the audit rule to {{ audit_file }}] ***
skipping: [localhost]

TASK [/stigforge/roles/ubuntu24_stig : Set architecture for audit unlink tasks] ***
skipping: [localhost]

TASK [/stigforge/roles/ubuntu24_stig : Declare list of syscalls] ***************
skipping: [localhost]

TASK [/stigforge/roles/ubuntu24_stig : Check existence of unlink in /etc/audit/rules.d/] ***
skipping: [localhost]

TASK [/stigforge/roles/ubuntu24_stig : Reset syscalls found per file] **********
skipping: [localhost]

TASK [/stigforge/roles/ubuntu24_stig : Declare syscalls found per file] ********
skipping: [localhost]

TASK [/stigforge/roles/ubuntu24_stig : Declare files where syscalls were found] ***
skipping: [localhost]

TASK [/stigforge/roles/ubuntu24_stig : Count occurrences of syscalls in paths] ***
skipping: [localhost]

TASK [/stigforge/roles/ubuntu24_stig : Get path with most syscalls] ************
skipping: [localhost]

TASK [/stigforge/roles/ubuntu24_stig : No file with syscall found, set path to /etc/audit/rules.d/delete.rules] ***
skipping: [localhost]

TASK [/stigforge/roles/ubuntu24_stig : Declare found syscalls] *****************
skipping: [localhost]

TASK [/stigforge/roles/ubuntu24_stig : Declare missing syscalls] ***************
skipping: [localhost]

TASK [/stigforge/roles/ubuntu24_stig : Replace the audit rule in {{ audit_file }}] ***
skipping: [localhost]

TASK [/stigforge/roles/ubuntu24_stig : Add the audit rule to {{ audit_file }}] ***
skipping: [localhost]

TASK [/stigforge/roles/ubuntu24_stig : Declare list of syscalls] ***************
skipping: [localhost]

TASK [/stigforge/roles/ubuntu24_stig : Check existence of unlink in /etc/audit/audit.rules] ***
skipping: [localhost]

TASK [/stigforge/roles/ubuntu24_stig : Set path to /etc/audit/audit.rules] *****
skipping: [localhost]

TASK [/stigforge/roles/ubuntu24_stig : Declare found syscalls] *****************
skipping: [localhost]

TASK [/stigforge/roles/ubuntu24_stig : Declare missing syscalls] ***************
skipping: [localhost]

TASK [/stigforge/roles/ubuntu24_stig : Replace the audit rule in {{ audit_file }}] ***
skipping: [localhost]

TASK [/stigforge/roles/ubuntu24_stig : Add the audit rule to {{ audit_file }}] ***
skipping: [localhost]

TASK [/stigforge/roles/ubuntu24_stig : Declare list of syscalls] ***************
skipping: [localhost]

TASK [/stigforge/roles/ubuntu24_stig : Check existence of unlink in /etc/audit/rules.d/] ***
skipping: [localhost]

TASK [/stigforge/roles/ubuntu24_stig : Reset syscalls found per file] **********
skipping: [localhost]

TASK [/stigforge/roles/ubuntu24_stig : Declare syscalls found per file] ********
skipping: [localhost]

TASK [/stigforge/roles/ubuntu24_stig : Declare files where syscalls were found] ***
skipping: [localhost]

TASK [/stigforge/roles/ubuntu24_stig : Count occurrences of syscalls in paths] ***
skipping: [localhost]

TASK [/stigforge/roles/ubuntu24_stig : Get path with most syscalls] ************
skipping: [localhost]

TASK [/stigforge/roles/ubuntu24_stig : No file with syscall found, set path to /etc/audit/rules.d/delete.rules] ***
skipping: [localhost]

TASK [/stigforge/roles/ubuntu24_stig : Declare found syscalls] *****************
skipping: [localhost]

TASK [/stigforge/roles/ubuntu24_stig : Declare missing syscalls] ***************
skipping: [localhost]

TASK [/stigforge/roles/ubuntu24_stig : Replace the audit rule in {{ audit_file }}] ***
skipping: [localhost]

TASK [/stigforge/roles/ubuntu24_stig : Add the audit rule to {{ audit_file }}] ***
skipping: [localhost]

TASK [/stigforge/roles/ubuntu24_stig : Declare list of syscalls] ***************
skipping: [localhost]

TASK [/stigforge/roles/ubuntu24_stig : Check existence of unlink in /etc/audit/audit.rules] ***
skipping: [localhost]

TASK [/stigforge/roles/ubuntu24_stig : Set path to /etc/audit/audit.rules] *****
skipping: [localhost]

TASK [/stigforge/roles/ubuntu24_stig : Declare found syscalls] *****************
skipping: [localhost]

TASK [/stigforge/roles/ubuntu24_stig : Declare missing syscalls] ***************
skipping: [localhost]

TASK [/stigforge/roles/ubuntu24_stig : Replace the audit rule in {{ audit_file }}] ***
skipping: [localhost]

TASK [/stigforge/roles/ubuntu24_stig : Add the audit rule to {{ audit_file }}] ***
skipping: [localhost]

TASK [/stigforge/roles/ubuntu24_stig : Set architecture for audit unlinkat tasks] ***
skipping: [localhost]

TASK [/stigforge/roles/ubuntu24_stig : Declare list of syscalls] ***************
skipping: [localhost]

TASK [/stigforge/roles/ubuntu24_stig : Check existence of unlinkat in /etc/audit/rules.d/] ***
skipping: [localhost]

TASK [/stigforge/roles/ubuntu24_stig : Reset syscalls found per file] **********
skipping: [localhost]

TASK [/stigforge/roles/ubuntu24_stig : Declare syscalls found per file] ********
skipping: [localhost]

TASK [/stigforge/roles/ubuntu24_stig : Declare files where syscalls were found] ***
skipping: [localhost]

TASK [/stigforge/roles/ubuntu24_stig : Count occurrences of syscalls in paths] ***
skipping: [localhost]

TASK [/stigforge/roles/ubuntu24_stig : Get path with most syscalls] ************
skipping: [localhost]

TASK [/stigforge/roles/ubuntu24_stig : No file with syscall found, set path to /etc/audit/rules.d/delete.rules] ***
skipping: [localhost]

TASK [/stigforge/roles/ubuntu24_stig : Declare found syscalls] *****************
skipping: [localhost]

TASK [/stigforge/roles/ubuntu24_stig : Declare missing syscalls] ***************
skipping: [localhost]

TASK [/stigforge/roles/ubuntu24_stig : Replace the audit rule in {{ audit_file }}] ***
skipping: [localhost]

TASK [/stigforge/roles/ubuntu24_stig : Add the audit rule to {{ audit_file }}] ***
skipping: [localhost]

TASK [/stigforge/roles/ubuntu24_stig : Declare list of syscalls] ***************
skipping: [localhost]

TASK [/stigforge/roles/ubuntu24_stig : Check existence of unlinkat in /etc/audit/audit.rules] ***
skipping: [localhost]

TASK [/stigforge/roles/ubuntu24_stig : Set path to /etc/audit/audit.rules] *****
skipping: [localhost]

TASK [/stigforge/roles/ubuntu24_stig : Declare found syscalls] *****************
skipping: [localhost]

TASK [/stigforge/roles/ubuntu24_stig : Declare missing syscalls] ***************
skipping: [localhost]

TASK [/stigforge/roles/ubuntu24_stig : Replace the audit rule in {{ audit_file }}] ***
skipping: [localhost]

TASK [/stigforge/roles/ubuntu24_stig : Add the audit rule to {{ audit_file }}] ***
skipping: [localhost]

TASK [/stigforge/roles/ubuntu24_stig : Declare list of syscalls] ***************
skipping: [localhost]

TASK [/stigforge/roles/ubuntu24_stig : Check existence of unlinkat in /etc/audit/rules.d/] ***
skipping: [localhost]

TASK [/stigforge/roles/ubuntu24_stig : Reset syscalls found per file] **********
skipping: [localhost]

TASK [/stigforge/roles/ubuntu24_stig : Declare syscalls found per file] ********
skipping: [localhost]

TASK [/stigforge/roles/ubuntu24_stig : Declare files where syscalls were found] ***
skipping: [localhost]

TASK [/stigforge/roles/ubuntu24_stig : Count occurrences of syscalls in paths] ***
skipping: [localhost]

TASK [/stigforge/roles/ubuntu24_stig : Get path with most syscalls] ************
skipping: [localhost]

TASK [/stigforge/roles/ubuntu24_stig : No file with syscall found, set path to /etc/audit/rules.d/delete.rules] ***
skipping: [localhost]

TASK [/stigforge/roles/ubuntu24_stig : Declare found syscalls] *****************
skipping: [localhost]

TASK [/stigforge/roles/ubuntu24_stig : Declare missing syscalls] ***************
skipping: [localhost]

TASK [/stigforge/roles/ubuntu24_stig : Replace the audit rule in {{ audit_file }}] ***
skipping: [localhost]

TASK [/stigforge/roles/ubuntu24_stig : Add the audit rule to {{ audit_file }}] ***
skipping: [localhost]

TASK [/stigforge/roles/ubuntu24_stig : Declare list of syscalls] ***************
skipping: [localhost]

TASK [/stigforge/roles/ubuntu24_stig : Check existence of unlinkat in /etc/audit/audit.rules] ***
skipping: [localhost]

TASK [/stigforge/roles/ubuntu24_stig : Set path to /etc/audit/audit.rules] *****
skipping: [localhost]

TASK [/stigforge/roles/ubuntu24_stig : Declare found syscalls] *****************
skipping: [localhost]

TASK [/stigforge/roles/ubuntu24_stig : Declare missing syscalls] ***************
skipping: [localhost]

TASK [/stigforge/roles/ubuntu24_stig : Replace the audit rule in {{ audit_file }}] ***
skipping: [localhost]

TASK [/stigforge/roles/ubuntu24_stig : Add the audit rule to {{ audit_file }}] ***
skipping: [localhost]

TASK [/stigforge/roles/ubuntu24_stig : Set architecture for audit creat tasks] ***
skipping: [localhost]

TASK [/stigforge/roles/ubuntu24_stig : Declare list of syscalls] ***************
skipping: [localhost]

TASK [/stigforge/roles/ubuntu24_stig : Check existence of creat in /etc/audit/rules.d/] ***
skipping: [localhost]

TASK [/stigforge/roles/ubuntu24_stig : Reset syscalls found per file] **********
skipping: [localhost]

TASK [/stigforge/roles/ubuntu24_stig : Declare syscalls found per file] ********
skipping: [localhost]

TASK [/stigforge/roles/ubuntu24_stig : Declare files where syscalls were found] ***
skipping: [localhost]

TASK [/stigforge/roles/ubuntu24_stig : Count occurrences of syscalls in paths] ***
skipping: [localhost]

TASK [/stigforge/roles/ubuntu24_stig : Get path with most syscalls] ************
skipping: [localhost]

TASK [/stigforge/roles/ubuntu24_stig : No file with syscall found, set path to /etc/audit/rules.d/access.rules] ***
skipping: [localhost]

TASK [/stigforge/roles/ubuntu24_stig : Declare found syscalls] *****************
skipping: [localhost]

TASK [/stigforge/roles/ubuntu24_stig : Declare missing syscalls] ***************
skipping: [localhost]

TASK [/stigforge/roles/ubuntu24_stig : Replace the audit rule in {{ audit_file }}] ***
skipping: [localhost]

TASK [/stigforge/roles/ubuntu24_stig : Add the audit rule to {{ audit_file }}] ***
skipping: [localhost]

TASK [/stigforge/roles/ubuntu24_stig : Declare list of syscalls] ***************
skipping: [localhost]

TASK [/stigforge/roles/ubuntu24_stig : Check existence of creat in /etc/audit/audit.rules] ***
skipping: [localhost]

TASK [/stigforge/roles/ubuntu24_stig : Set path to /etc/audit/audit.rules] *****
skipping: [localhost]

TASK [/stigforge/roles/ubuntu24_stig : Declare found syscalls] *****************
skipping: [localhost]

TASK [/stigforge/roles/ubuntu24_stig : Declare missing syscalls] ***************
skipping: [localhost]

TASK [/stigforge/roles/ubuntu24_stig : Replace the audit rule in {{ audit_file }}] ***
skipping: [localhost]

TASK [/stigforge/roles/ubuntu24_stig : Add the audit rule to {{ audit_file }}] ***
skipping: [localhost]

TASK [/stigforge/roles/ubuntu24_stig : Declare list of syscalls] ***************
skipping: [localhost]

TASK [/stigforge/roles/ubuntu24_stig : Check existence of creat in /etc/audit/rules.d/] ***
skipping: [localhost]

TASK [/stigforge/roles/ubuntu24_stig : Reset syscalls found per file] **********
skipping: [localhost]

TASK [/stigforge/roles/ubuntu24_stig : Declare syscalls found per file] ********
skipping: [localhost]

TASK [/stigforge/roles/ubuntu24_stig : Declare files where syscalls were found] ***
skipping: [localhost]

TASK [/stigforge/roles/ubuntu24_stig : Count occurrences of syscalls in paths] ***
skipping: [localhost]

TASK [/stigforge/roles/ubuntu24_stig : Get path with most syscalls] ************
skipping: [localhost]

TASK [/stigforge/roles/ubuntu24_stig : No file with syscall found, set path to /etc/audit/rules.d/access.rules] ***
skipping: [localhost]

TASK [/stigforge/roles/ubuntu24_stig : Declare found syscalls] *****************
skipping: [localhost]

TASK [/stigforge/roles/ubuntu24_stig : Declare missing syscalls] ***************
skipping: [localhost]

TASK [/stigforge/roles/ubuntu24_stig : Replace the audit rule in {{ audit_file }}] ***
skipping: [localhost]

TASK [/stigforge/roles/ubuntu24_stig : Add the audit rule to {{ audit_file }}] ***
skipping: [localhost]

TASK [/stigforge/roles/ubuntu24_stig : Declare list of syscalls] ***************
skipping: [localhost]

TASK [/stigforge/roles/ubuntu24_stig : Check existence of creat in /etc/audit/audit.rules] ***
skipping: [localhost]

TASK [/stigforge/roles/ubuntu24_stig : Set path to /etc/audit/audit.rules] *****
skipping: [localhost]

TASK [/stigforge/roles/ubuntu24_stig : Declare found syscalls] *****************
skipping: [localhost]

TASK [/stigforge/roles/ubuntu24_stig : Declare missing syscalls] ***************
skipping: [localhost]

TASK [/stigforge/roles/ubuntu24_stig : Replace the audit rule in {{ audit_file }}] ***
skipping: [localhost]

TASK [/stigforge/roles/ubuntu24_stig : Add the audit rule to {{ audit_file }}] ***
skipping: [localhost]

TASK [/stigforge/roles/ubuntu24_stig : Declare list of syscalls] ***************
skipping: [localhost]

TASK [/stigforge/roles/ubuntu24_stig : Check existence of creat in /etc/audit/rules.d/] ***
skipping: [localhost]

TASK [/stigforge/roles/ubuntu24_stig : Reset syscalls found per file] **********
skipping: [localhost]

TASK [/stigforge/roles/ubuntu24_stig : Declare syscalls found per file] ********
skipping: [localhost]

TASK [/stigforge/roles/ubuntu24_stig : Declare files where syscalls were found] ***
skipping: [localhost]

TASK [/stigforge/roles/ubuntu24_stig : Count occurrences of syscalls in paths] ***
skipping: [localhost]

TASK [/stigforge/roles/ubuntu24_stig : Get path with most syscalls] ************
skipping: [localhost]

TASK [/stigforge/roles/ubuntu24_stig : No file with syscall found, set path to /etc/audit/rules.d/access.rules] ***
skipping: [localhost]

TASK [/stigforge/roles/ubuntu24_stig : Declare found syscalls] *****************
skipping: [localhost]

TASK [/stigforge/roles/ubuntu24_stig : Declare missing syscalls] ***************
skipping: [localhost]

TASK [/stigforge/roles/ubuntu24_stig : Replace the audit rule in {{ audit_file }}] ***
skipping: [localhost]

TASK [/stigforge/roles/ubuntu24_stig : Add the audit rule to {{ audit_file }}] ***
skipping: [localhost]

TASK [/stigforge/roles/ubuntu24_stig : Declare list of syscalls] ***************
skipping: [localhost]

TASK [/stigforge/roles/ubuntu24_stig : Check existence of creat in /etc/audit/audit.rules] ***
skipping: [localhost]

TASK [/stigforge/roles/ubuntu24_stig : Set path to /etc/audit/audit.rules] *****
skipping: [localhost]

TASK [/stigforge/roles/ubuntu24_stig : Declare found syscalls] *****************
skipping: [localhost]

TASK [/stigforge/roles/ubuntu24_stig : Declare missing syscalls] ***************
skipping: [localhost]

TASK [/stigforge/roles/ubuntu24_stig : Replace the audit rule in {{ audit_file }}] ***
skipping: [localhost]

TASK [/stigforge/roles/ubuntu24_stig : Add the audit rule to {{ audit_file }}] ***
skipping: [localhost]

TASK [/stigforge/roles/ubuntu24_stig : Declare list of syscalls] ***************
skipping: [localhost]

TASK [/stigforge/roles/ubuntu24_stig : Check existence of creat in /etc/audit/rules.d/] ***
skipping: [localhost]

TASK [/stigforge/roles/ubuntu24_stig : Reset syscalls found per file] **********
skipping: [localhost]

TASK [/stigforge/roles/ubuntu24_stig : Declare syscalls found per file] ********
skipping: [localhost]

TASK [/stigforge/roles/ubuntu24_stig : Declare files where syscalls were found] ***
skipping: [localhost]

TASK [/stigforge/roles/ubuntu24_stig : Count occurrences of syscalls in paths] ***
skipping: [localhost]

TASK [/stigforge/roles/ubuntu24_stig : Get path with most syscalls] ************
skipping: [localhost]

TASK [/stigforge/roles/ubuntu24_stig : No file with syscall found, set path to /etc/audit/rules.d/access.rules] ***
skipping: [localhost]

TASK [/stigforge/roles/ubuntu24_stig : Declare found syscalls] *****************
skipping: [localhost]

TASK [/stigforge/roles/ubuntu24_stig : Declare missing syscalls] ***************
skipping: [localhost]

TASK [/stigforge/roles/ubuntu24_stig : Replace the audit rule in {{ audit_file }}] ***
skipping: [localhost]

TASK [/stigforge/roles/ubuntu24_stig : Add the audit rule to {{ audit_file }}] ***
skipping: [localhost]

TASK [/stigforge/roles/ubuntu24_stig : Declare list of syscalls] ***************
skipping: [localhost]

TASK [/stigforge/roles/ubuntu24_stig : Check existence of creat in /etc/audit/audit.rules] ***
skipping: [localhost]

TASK [/stigforge/roles/ubuntu24_stig : Set path to /etc/audit/audit.rules] *****
skipping: [localhost]

TASK [/stigforge/roles/ubuntu24_stig : Declare found syscalls] *****************
skipping: [localhost]

TASK [/stigforge/roles/ubuntu24_stig : Declare missing syscalls] ***************
skipping: [localhost]

TASK [/stigforge/roles/ubuntu24_stig : Replace the audit rule in {{ audit_file }}] ***
skipping: [localhost]

TASK [/stigforge/roles/ubuntu24_stig : Add the audit rule to {{ audit_file }}] ***
skipping: [localhost]

TASK [/stigforge/roles/ubuntu24_stig : Set architecture for audit ftruncate tasks] ***
skipping: [localhost]

TASK [/stigforge/roles/ubuntu24_stig : Declare list of syscalls] ***************
skipping: [localhost]

TASK [/stigforge/roles/ubuntu24_stig : Check existence of ftruncate in /etc/audit/rules.d/] ***
skipping: [localhost]

TASK [/stigforge/roles/ubuntu24_stig : Reset syscalls found per file] **********
skipping: [localhost]

TASK [/stigforge/roles/ubuntu24_stig : Declare syscalls found per file] ********
skipping: [localhost]

TASK [/stigforge/roles/ubuntu24_stig : Declare files where syscalls were found] ***
skipping: [localhost]

TASK [/stigforge/roles/ubuntu24_stig : Count occurrences of syscalls in paths] ***
skipping: [localhost]

TASK [/stigforge/roles/ubuntu24_stig : Get path with most syscalls] ************
skipping: [localhost]

TASK [/stigforge/roles/ubuntu24_stig : No file with syscall found, set path to /etc/audit/rules.d/access.rules] ***
skipping: [localhost]

TASK [/stigforge/roles/ubuntu24_stig : Declare found syscalls] *****************
skipping: [localhost]

TASK [/stigforge/roles/ubuntu24_stig : Declare missing syscalls] ***************
skipping: [localhost]

TASK [/stigforge/roles/ubuntu24_stig : Replace the audit rule in {{ audit_file }}] ***
skipping: [localhost]

TASK [/stigforge/roles/ubuntu24_stig : Add the audit rule to {{ audit_file }}] ***
skipping: [localhost]

TASK [/stigforge/roles/ubuntu24_stig : Declare list of syscalls] ***************
skipping: [localhost]

TASK [/stigforge/roles/ubuntu24_stig : Check existence of ftruncate in /etc/audit/audit.rules] ***
skipping: [localhost]

TASK [/stigforge/roles/ubuntu24_stig : Set path to /etc/audit/audit.rules] *****
skipping: [localhost]

TASK [/stigforge/roles/ubuntu24_stig : Declare found syscalls] *****************
skipping: [localhost]

TASK [/stigforge/roles/ubuntu24_stig : Declare missing syscalls] ***************
skipping: [localhost]

TASK [/stigforge/roles/ubuntu24_stig : Replace the audit rule in {{ audit_file }}] ***
skipping: [localhost]

TASK [/stigforge/roles/ubuntu24_stig : Add the audit rule to {{ audit_file }}] ***
skipping: [localhost]

TASK [/stigforge/roles/ubuntu24_stig : Declare list of syscalls] ***************
skipping: [localhost]

TASK [/stigforge/roles/ubuntu24_stig : Check existence of ftruncate in /etc/audit/rules.d/] ***
skipping: [localhost]

TASK [/stigforge/roles/ubuntu24_stig : Reset syscalls found per file] **********
skipping: [localhost]

TASK [/stigforge/roles/ubuntu24_stig : Declare syscalls found per file] ********
skipping: [localhost]

TASK [/stigforge/roles/ubuntu24_stig : Declare files where syscalls were found] ***
skipping: [localhost]

TASK [/stigforge/roles/ubuntu24_stig : Count occurrences of syscalls in paths] ***
skipping: [localhost]

TASK [/stigforge/roles/ubuntu24_stig : Get path with most syscalls] ************
skipping: [localhost]

TASK [/stigforge/roles/ubuntu24_stig : No file with syscall found, set path to /etc/audit/rules.d/access.rules] ***
skipping: [localhost]

TASK [/stigforge/roles/ubuntu24_stig : Declare found syscalls] *****************
skipping: [localhost]

TASK [/stigforge/roles/ubuntu24_stig : Declare missing syscalls] ***************
skipping: [localhost]

TASK [/stigforge/roles/ubuntu24_stig : Replace the audit rule in {{ audit_file }}] ***
skipping: [localhost]

TASK [/stigforge/roles/ubuntu24_stig : Add the audit rule to {{ audit_file }}] ***
skipping: [localhost]

TASK [/stigforge/roles/ubuntu24_stig : Declare list of syscalls] ***************
skipping: [localhost]

TASK [/stigforge/roles/ubuntu24_stig : Check existence of ftruncate in /etc/audit/audit.rules] ***
skipping: [localhost]

TASK [/stigforge/roles/ubuntu24_stig : Set path to /etc/audit/audit.rules] *****
skipping: [localhost]

TASK [/stigforge/roles/ubuntu24_stig : Declare found syscalls] *****************
skipping: [localhost]

TASK [/stigforge/roles/ubuntu24_stig : Declare missing syscalls] ***************
skipping: [localhost]

TASK [/stigforge/roles/ubuntu24_stig : Replace the audit rule in {{ audit_file }}] ***
skipping: [localhost]

TASK [/stigforge/roles/ubuntu24_stig : Add the audit rule to {{ audit_file }}] ***
skipping: [localhost]

TASK [/stigforge/roles/ubuntu24_stig : Declare list of syscalls] ***************
skipping: [localhost]

TASK [/stigforge/roles/ubuntu24_stig : Check existence of ftruncate in /etc/audit/rules.d/] ***
skipping: [localhost]

TASK [/stigforge/roles/ubuntu24_stig : Reset syscalls found per file] **********
skipping: [localhost]

TASK [/stigforge/roles/ubuntu24_stig : Declare syscalls found per file] ********
skipping: [localhost]

TASK [/stigforge/roles/ubuntu24_stig : Declare files where syscalls were found] ***
skipping: [localhost]

TASK [/stigforge/roles/ubuntu24_stig : Count occurrences of syscalls in paths] ***
skipping: [localhost]

TASK [/stigforge/roles/ubuntu24_stig : Get path with most syscalls] ************
skipping: [localhost]

TASK [/stigforge/roles/ubuntu24_stig : No file with syscall found, set path to /etc/audit/rules.d/access.rules] ***
skipping: [localhost]

TASK [/stigforge/roles/ubuntu24_stig : Declare found syscalls] *****************
skipping: [localhost]

TASK [/stigforge/roles/ubuntu24_stig : Declare missing syscalls] ***************
skipping: [localhost]

TASK [/stigforge/roles/ubuntu24_stig : Replace the audit rule in {{ audit_file }}] ***
skipping: [localhost]

TASK [/stigforge/roles/ubuntu24_stig : Add the audit rule to {{ audit_file }}] ***
skipping: [localhost]

TASK [/stigforge/roles/ubuntu24_stig : Declare list of syscalls] ***************
skipping: [localhost]

TASK [/stigforge/roles/ubuntu24_stig : Check existence of ftruncate in /etc/audit/audit.rules] ***
skipping: [localhost]

TASK [/stigforge/roles/ubuntu24_stig : Set path to /etc/audit/audit.rules] *****
skipping: [localhost]

TASK [/stigforge/roles/ubuntu24_stig : Declare found syscalls] *****************
skipping: [localhost]

TASK [/stigforge/roles/ubuntu24_stig : Declare missing syscalls] ***************
skipping: [localhost]

TASK [/stigforge/roles/ubuntu24_stig : Replace the audit rule in {{ audit_file }}] ***
skipping: [localhost]

TASK [/stigforge/roles/ubuntu24_stig : Add the audit rule to {{ audit_file }}] ***
skipping: [localhost]

TASK [/stigforge/roles/ubuntu24_stig : Declare list of syscalls] ***************
skipping: [localhost]

TASK [/stigforge/roles/ubuntu24_stig : Check existence of ftruncate in /etc/audit/rules.d/] ***
skipping: [localhost]

TASK [/stigforge/roles/ubuntu24_stig : Reset syscalls found per file] **********
skipping: [localhost]

TASK [/stigforge/roles/ubuntu24_stig : Declare syscalls found per file] ********
skipping: [localhost]

TASK [/stigforge/roles/ubuntu24_stig : Declare files where syscalls were found] ***
skipping: [localhost]

TASK [/stigforge/roles/ubuntu24_stig : Count occurrences of syscalls in paths] ***
skipping: [localhost]

TASK [/stigforge/roles/ubuntu24_stig : Get path with most syscalls] ************
skipping: [localhost]

TASK [/stigforge/roles/ubuntu24_stig : No file with syscall found, set path to /etc/audit/rules.d/access.rules] ***
skipping: [localhost]

TASK [/stigforge/roles/ubuntu24_stig : Declare found syscalls] *****************
skipping: [localhost]

TASK [/stigforge/roles/ubuntu24_stig : Declare missing syscalls] ***************
skipping: [localhost]

TASK [/stigforge/roles/ubuntu24_stig : Replace the audit rule in {{ audit_file }}] ***
skipping: [localhost]

TASK [/stigforge/roles/ubuntu24_stig : Add the audit rule to {{ audit_file }}] ***
skipping: [localhost]

TASK [/stigforge/roles/ubuntu24_stig : Declare list of syscalls] ***************
skipping: [localhost]

TASK [/stigforge/roles/ubuntu24_stig : Check existence of ftruncate in /etc/audit/audit.rules] ***
skipping: [localhost]

TASK [/stigforge/roles/ubuntu24_stig : Set path to /etc/audit/audit.rules] *****
skipping: [localhost]

TASK [/stigforge/roles/ubuntu24_stig : Declare found syscalls] *****************
skipping: [localhost]

TASK [/stigforge/roles/ubuntu24_stig : Declare missing syscalls] ***************
skipping: [localhost]

TASK [/stigforge/roles/ubuntu24_stig : Replace the audit rule in {{ audit_file }}] ***
skipping: [localhost]

TASK [/stigforge/roles/ubuntu24_stig : Add the audit rule to {{ audit_file }}] ***
skipping: [localhost]

TASK [/stigforge/roles/ubuntu24_stig : Set architecture for audit open tasks] ***
skipping: [localhost]

TASK [/stigforge/roles/ubuntu24_stig : Declare list of syscalls] ***************
skipping: [localhost]

TASK [/stigforge/roles/ubuntu24_stig : Check existence of open in /etc/audit/rules.d/] ***
skipping: [localhost]

TASK [/stigforge/roles/ubuntu24_stig : Reset syscalls found per file] **********
skipping: [localhost]

TASK [/stigforge/roles/ubuntu24_stig : Declare syscalls found per file] ********
skipping: [localhost]

TASK [/stigforge/roles/ubuntu24_stig : Declare files where syscalls were found] ***
skipping: [localhost]

TASK [/stigforge/roles/ubuntu24_stig : Count occurrences of syscalls in paths] ***
skipping: [localhost]

TASK [/stigforge/roles/ubuntu24_stig : Get path with most syscalls] ************
skipping: [localhost]

TASK [/stigforge/roles/ubuntu24_stig : No file with syscall found, set path to /etc/audit/rules.d/access.rules] ***
skipping: [localhost]

TASK [/stigforge/roles/ubuntu24_stig : Declare found syscalls] *****************
skipping: [localhost]

TASK [/stigforge/roles/ubuntu24_stig : Declare missing syscalls] ***************
skipping: [localhost]

TASK [/stigforge/roles/ubuntu24_stig : Replace the audit rule in {{ audit_file }}] ***
skipping: [localhost]

TASK [/stigforge/roles/ubuntu24_stig : Add the audit rule to {{ audit_file }}] ***
skipping: [localhost]

TASK [/stigforge/roles/ubuntu24_stig : Declare list of syscalls] ***************
skipping: [localhost]

TASK [/stigforge/roles/ubuntu24_stig : Check existence of open in /etc/audit/audit.rules] ***
skipping: [localhost]

TASK [/stigforge/roles/ubuntu24_stig : Set path to /etc/audit/audit.rules] *****
skipping: [localhost]

TASK [/stigforge/roles/ubuntu24_stig : Declare found syscalls] *****************
skipping: [localhost]

TASK [/stigforge/roles/ubuntu24_stig : Declare missing syscalls] ***************
skipping: [localhost]

TASK [/stigforge/roles/ubuntu24_stig : Replace the audit rule in {{ audit_file }}] ***
skipping: [localhost]

TASK [/stigforge/roles/ubuntu24_stig : Add the audit rule to {{ audit_file }}] ***
skipping: [localhost]

TASK [/stigforge/roles/ubuntu24_stig : Declare list of syscalls] ***************
skipping: [localhost]

TASK [/stigforge/roles/ubuntu24_stig : Check existence of open in /etc/audit/rules.d/] ***
skipping: [localhost]

TASK [/stigforge/roles/ubuntu24_stig : Reset syscalls found per file] **********
skipping: [localhost]

TASK [/stigforge/roles/ubuntu24_stig : Declare syscalls found per file] ********
skipping: [localhost]

TASK [/stigforge/roles/ubuntu24_stig : Declare files where syscalls were found] ***
skipping: [localhost]

TASK [/stigforge/roles/ubuntu24_stig : Count occurrences of syscalls in paths] ***
skipping: [localhost]

TASK [/stigforge/roles/ubuntu24_stig : Get path with most syscalls] ************
skipping: [localhost]

TASK [/stigforge/roles/ubuntu24_stig : No file with syscall found, set path to /etc/audit/rules.d/access.rules] ***
skipping: [localhost]

TASK [/stigforge/roles/ubuntu24_stig : Declare found syscalls] *****************
skipping: [localhost]

TASK [/stigforge/roles/ubuntu24_stig : Declare missing syscalls] ***************
skipping: [localhost]

TASK [/stigforge/roles/ubuntu24_stig : Replace the audit rule in {{ audit_file }}] ***
skipping: [localhost]

TASK [/stigforge/roles/ubuntu24_stig : Add the audit rule to {{ audit_file }}] ***
skipping: [localhost]

TASK [/stigforge/roles/ubuntu24_stig : Declare list of syscalls] ***************
skipping: [localhost]

TASK [/stigforge/roles/ubuntu24_stig : Check existence of open in /etc/audit/audit.rules] ***
skipping: [localhost]

TASK [/stigforge/roles/ubuntu24_stig : Set path to /etc/audit/audit.rules] *****
skipping: [localhost]

TASK [/stigforge/roles/ubuntu24_stig : Declare found syscalls] *****************
skipping: [localhost]

TASK [/stigforge/roles/ubuntu24_stig : Declare missing syscalls] ***************
skipping: [localhost]

TASK [/stigforge/roles/ubuntu24_stig : Replace the audit rule in {{ audit_file }}] ***
skipping: [localhost]

TASK [/stigforge/roles/ubuntu24_stig : Add the audit rule to {{ audit_file }}] ***
skipping: [localhost]

TASK [/stigforge/roles/ubuntu24_stig : Declare list of syscalls] ***************
skipping: [localhost]

TASK [/stigforge/roles/ubuntu24_stig : Check existence of open in /etc/audit/rules.d/] ***
skipping: [localhost]

TASK [/stigforge/roles/ubuntu24_stig : Reset syscalls found per file] **********
skipping: [localhost]

TASK [/stigforge/roles/ubuntu24_stig : Declare syscalls found per file] ********
skipping: [localhost]

TASK [/stigforge/roles/ubuntu24_stig : Declare files where syscalls were found] ***
skipping: [localhost]

TASK [/stigforge/roles/ubuntu24_stig : Count occurrences of syscalls in paths] ***
skipping: [localhost]

TASK [/stigforge/roles/ubuntu24_stig : Get path with most syscalls] ************
skipping: [localhost]

TASK [/stigforge/roles/ubuntu24_stig : No file with syscall found, set path to /etc/audit/rules.d/access.rules] ***
skipping: [localhost]

TASK [/stigforge/roles/ubuntu24_stig : Declare found syscalls] *****************
skipping: [localhost]

TASK [/stigforge/roles/ubuntu24_stig : Declare missing syscalls] ***************
skipping: [localhost]

TASK [/stigforge/roles/ubuntu24_stig : Replace the audit rule in {{ audit_file }}] ***
skipping: [localhost]

TASK [/stigforge/roles/ubuntu24_stig : Add the audit rule to {{ audit_file }}] ***
skipping: [localhost]

TASK [/stigforge/roles/ubuntu24_stig : Declare list of syscalls] ***************
skipping: [localhost]

TASK [/stigforge/roles/ubuntu24_stig : Check existence of open in /etc/audit/audit.rules] ***
skipping: [localhost]

TASK [/stigforge/roles/ubuntu24_stig : Set path to /etc/audit/audit.rules] *****
skipping: [localhost]

TASK [/stigforge/roles/ubuntu24_stig : Declare found syscalls] *****************
skipping: [localhost]

TASK [/stigforge/roles/ubuntu24_stig : Declare missing syscalls] ***************
skipping: [localhost]

TASK [/stigforge/roles/ubuntu24_stig : Replace the audit rule in {{ audit_file }}] ***
skipping: [localhost]

TASK [/stigforge/roles/ubuntu24_stig : Add the audit rule to {{ audit_file }}] ***
skipping: [localhost]

TASK [/stigforge/roles/ubuntu24_stig : Declare list of syscalls] ***************
skipping: [localhost]

TASK [/stigforge/roles/ubuntu24_stig : Check existence of open in /etc/audit/rules.d/] ***
skipping: [localhost]

TASK [/stigforge/roles/ubuntu24_stig : Reset syscalls found per file] **********
skipping: [localhost]

TASK [/stigforge/roles/ubuntu24_stig : Declare syscalls found per file] ********
skipping: [localhost]

TASK [/stigforge/roles/ubuntu24_stig : Declare files where syscalls were found] ***
skipping: [localhost]

TASK [/stigforge/roles/ubuntu24_stig : Count occurrences of syscalls in paths] ***
skipping: [localhost]

TASK [/stigforge/roles/ubuntu24_stig : Get path with most syscalls] ************
skipping: [localhost]

TASK [/stigforge/roles/ubuntu24_stig : No file with syscall found, set path to /etc/audit/rules.d/access.rules] ***
skipping: [localhost]

TASK [/stigforge/roles/ubuntu24_stig : Declare found syscalls] *****************
skipping: [localhost]

TASK [/stigforge/roles/ubuntu24_stig : Declare missing syscalls] ***************
skipping: [localhost]

TASK [/stigforge/roles/ubuntu24_stig : Replace the audit rule in {{ audit_file }}] ***
skipping: [localhost]

TASK [/stigforge/roles/ubuntu24_stig : Add the audit rule to {{ audit_file }}] ***
skipping: [localhost]

TASK [/stigforge/roles/ubuntu24_stig : Declare list of syscalls] ***************
skipping: [localhost]

TASK [/stigforge/roles/ubuntu24_stig : Check existence of open in /etc/audit/audit.rules] ***
skipping: [localhost]

TASK [/stigforge/roles/ubuntu24_stig : Set path to /etc/audit/audit.rules] *****
skipping: [localhost]

TASK [/stigforge/roles/ubuntu24_stig : Declare found syscalls] *****************
skipping: [localhost]

TASK [/stigforge/roles/ubuntu24_stig : Declare missing syscalls] ***************
skipping: [localhost]

TASK [/stigforge/roles/ubuntu24_stig : Replace the audit rule in {{ audit_file }}] ***
skipping: [localhost]

TASK [/stigforge/roles/ubuntu24_stig : Add the audit rule to {{ audit_file }}] ***
skipping: [localhost]

TASK [/stigforge/roles/ubuntu24_stig : Set architecture for audit open_by_handle_at tasks] ***
skipping: [localhost]

TASK [/stigforge/roles/ubuntu24_stig : Declare list of syscalls] ***************
skipping: [localhost]

TASK [/stigforge/roles/ubuntu24_stig : Check existence of open_by_handle_at in /etc/audit/rules.d/] ***
skipping: [localhost]

TASK [/stigforge/roles/ubuntu24_stig : Reset syscalls found per file] **********
skipping: [localhost]

TASK [/stigforge/roles/ubuntu24_stig : Declare syscalls found per file] ********
skipping: [localhost]

TASK [/stigforge/roles/ubuntu24_stig : Declare files where syscalls were found] ***
skipping: [localhost]

TASK [/stigforge/roles/ubuntu24_stig : Count occurrences of syscalls in paths] ***
skipping: [localhost]

TASK [/stigforge/roles/ubuntu24_stig : Get path with most syscalls] ************
skipping: [localhost]

TASK [/stigforge/roles/ubuntu24_stig : No file with syscall found, set path to /etc/audit/rules.d/access.rules] ***
skipping: [localhost]

TASK [/stigforge/roles/ubuntu24_stig : Declare found syscalls] *****************
skipping: [localhost]

TASK [/stigforge/roles/ubuntu24_stig : Declare missing syscalls] ***************
skipping: [localhost]

TASK [/stigforge/roles/ubuntu24_stig : Replace the audit rule in {{ audit_file }}] ***
skipping: [localhost]

TASK [/stigforge/roles/ubuntu24_stig : Add the audit rule to {{ audit_file }}] ***
skipping: [localhost]

TASK [/stigforge/roles/ubuntu24_stig : Declare list of syscalls] ***************
skipping: [localhost]

TASK [/stigforge/roles/ubuntu24_stig : Check existence of open_by_handle_at in /etc/audit/audit.rules] ***
skipping: [localhost]

TASK [/stigforge/roles/ubuntu24_stig : Set path to /etc/audit/audit.rules] *****
skipping: [localhost]

TASK [/stigforge/roles/ubuntu24_stig : Declare found syscalls] *****************
skipping: [localhost]

TASK [/stigforge/roles/ubuntu24_stig : Declare missing syscalls] ***************
skipping: [localhost]

TASK [/stigforge/roles/ubuntu24_stig : Replace the audit rule in {{ audit_file }}] ***
skipping: [localhost]

TASK [/stigforge/roles/ubuntu24_stig : Add the audit rule to {{ audit_file }}] ***
skipping: [localhost]

TASK [/stigforge/roles/ubuntu24_stig : Declare list of syscalls] ***************
skipping: [localhost]

TASK [/stigforge/roles/ubuntu24_stig : Check existence of open_by_handle_at in /etc/audit/rules.d/] ***
skipping: [localhost]

TASK [/stigforge/roles/ubuntu24_stig : Reset syscalls found per file] **********
skipping: [localhost]

TASK [/stigforge/roles/ubuntu24_stig : Declare syscalls found per file] ********
skipping: [localhost]

TASK [/stigforge/roles/ubuntu24_stig : Declare files where syscalls were found] ***
skipping: [localhost]

TASK [/stigforge/roles/ubuntu24_stig : Count occurrences of syscalls in paths] ***
skipping: [localhost]

TASK [/stigforge/roles/ubuntu24_stig : Get path with most syscalls] ************
skipping: [localhost]

TASK [/stigforge/roles/ubuntu24_stig : No file with syscall found, set path to /etc/audit/rules.d/access.rules] ***
skipping: [localhost]

TASK [/stigforge/roles/ubuntu24_stig : Declare found syscalls] *****************
skipping: [localhost]

TASK [/stigforge/roles/ubuntu24_stig : Declare missing syscalls] ***************
skipping: [localhost]

TASK [/stigforge/roles/ubuntu24_stig : Replace the audit rule in {{ audit_file }}] ***
skipping: [localhost]

TASK [/stigforge/roles/ubuntu24_stig : Add the audit rule to {{ audit_file }}] ***
skipping: [localhost]

TASK [/stigforge/roles/ubuntu24_stig : Declare list of syscalls] ***************
skipping: [localhost]

TASK [/stigforge/roles/ubuntu24_stig : Check existence of open_by_handle_at in /etc/audit/audit.rules] ***
skipping: [localhost]

TASK [/stigforge/roles/ubuntu24_stig : Set path to /etc/audit/audit.rules] *****
skipping: [localhost]

TASK [/stigforge/roles/ubuntu24_stig : Declare found syscalls] *****************
skipping: [localhost]

TASK [/stigforge/roles/ubuntu24_stig : Declare missing syscalls] ***************
skipping: [localhost]

TASK [/stigforge/roles/ubuntu24_stig : Replace the audit rule in {{ audit_file }}] ***
skipping: [localhost]

TASK [/stigforge/roles/ubuntu24_stig : Add the audit rule to {{ audit_file }}] ***
skipping: [localhost]

TASK [/stigforge/roles/ubuntu24_stig : Declare list of syscalls] ***************
skipping: [localhost]

TASK [/stigforge/roles/ubuntu24_stig : Check existence of open_by_handle_at in /etc/audit/rules.d/] ***
skipping: [localhost]

TASK [/stigforge/roles/ubuntu24_stig : Reset syscalls found per file] **********
skipping: [localhost]

TASK [/stigforge/roles/ubuntu24_stig : Declare syscalls found per file] ********
skipping: [localhost]

TASK [/stigforge/roles/ubuntu24_stig : Declare files where syscalls were found] ***
skipping: [localhost]

TASK [/stigforge/roles/ubuntu24_stig : Count occurrences of syscalls in paths] ***
skipping: [localhost]

TASK [/stigforge/roles/ubuntu24_stig : Get path with most syscalls] ************
skipping: [localhost]

TASK [/stigforge/roles/ubuntu24_stig : No file with syscall found, set path to /etc/audit/rules.d/access.rules] ***
skipping: [localhost]

TASK [/stigforge/roles/ubuntu24_stig : Declare found syscalls] *****************
skipping: [localhost]

TASK [/stigforge/roles/ubuntu24_stig : Declare missing syscalls] ***************
skipping: [localhost]

TASK [/stigforge/roles/ubuntu24_stig : Replace the audit rule in {{ audit_file }}] ***
skipping: [localhost]

TASK [/stigforge/roles/ubuntu24_stig : Add the audit rule to {{ audit_file }}] ***
skipping: [localhost]

TASK [/stigforge/roles/ubuntu24_stig : Declare list of syscalls] ***************
skipping: [localhost]

TASK [/stigforge/roles/ubuntu24_stig : Check existence of open_by_handle_at in /etc/audit/audit.rules] ***
skipping: [localhost]

TASK [/stigforge/roles/ubuntu24_stig : Set path to /etc/audit/audit.rules] *****
skipping: [localhost]

TASK [/stigforge/roles/ubuntu24_stig : Declare found syscalls] *****************
skipping: [localhost]

TASK [/stigforge/roles/ubuntu24_stig : Declare missing syscalls] ***************
skipping: [localhost]

TASK [/stigforge/roles/ubuntu24_stig : Replace the audit rule in {{ audit_file }}] ***
skipping: [localhost]

TASK [/stigforge/roles/ubuntu24_stig : Add the audit rule to {{ audit_file }}] ***
skipping: [localhost]

TASK [/stigforge/roles/ubuntu24_stig : Declare list of syscalls] ***************
skipping: [localhost]

TASK [/stigforge/roles/ubuntu24_stig : Check existence of open_by_handle_at in /etc/audit/rules.d/] ***
skipping: [localhost]

TASK [/stigforge/roles/ubuntu24_stig : Reset syscalls found per file] **********
skipping: [localhost]

TASK [/stigforge/roles/ubuntu24_stig : Declare syscalls found per file] ********
skipping: [localhost]

TASK [/stigforge/roles/ubuntu24_stig : Declare files where syscalls were found] ***
skipping: [localhost]

TASK [/stigforge/roles/ubuntu24_stig : Count occurrences of syscalls in paths] ***
skipping: [localhost]

TASK [/stigforge/roles/ubuntu24_stig : Get path with most syscalls] ************
skipping: [localhost]

TASK [/stigforge/roles/ubuntu24_stig : No file with syscall found, set path to /etc/audit/rules.d/access.rules] ***
skipping: [localhost]

TASK [/stigforge/roles/ubuntu24_stig : Declare found syscalls] *****************
skipping: [localhost]

TASK [/stigforge/roles/ubuntu24_stig : Declare missing syscalls] ***************
skipping: [localhost]

TASK [/stigforge/roles/ubuntu24_stig : Replace the audit rule in {{ audit_file }}] ***
skipping: [localhost]

TASK [/stigforge/roles/ubuntu24_stig : Add the audit rule to {{ audit_file }}] ***
skipping: [localhost]

TASK [/stigforge/roles/ubuntu24_stig : Declare list of syscalls] ***************
skipping: [localhost]

TASK [/stigforge/roles/ubuntu24_stig : Check existence of open_by_handle_at in /etc/audit/audit.rules] ***
skipping: [localhost]

TASK [/stigforge/roles/ubuntu24_stig : Set path to /etc/audit/audit.rules] *****
skipping: [localhost]

TASK [/stigforge/roles/ubuntu24_stig : Declare found syscalls] *****************
skipping: [localhost]

TASK [/stigforge/roles/ubuntu24_stig : Declare missing syscalls] ***************
skipping: [localhost]

TASK [/stigforge/roles/ubuntu24_stig : Replace the audit rule in {{ audit_file }}] ***
skipping: [localhost]

TASK [/stigforge/roles/ubuntu24_stig : Add the audit rule to {{ audit_file }}] ***
skipping: [localhost]

TASK [/stigforge/roles/ubuntu24_stig : Set architecture for audit openat tasks] ***
skipping: [localhost]

TASK [/stigforge/roles/ubuntu24_stig : Declare list of syscalls] ***************
skipping: [localhost]

TASK [/stigforge/roles/ubuntu24_stig : Check existence of openat in /etc/audit/rules.d/] ***
skipping: [localhost]

TASK [/stigforge/roles/ubuntu24_stig : Reset syscalls found per file] **********
skipping: [localhost]

TASK [/stigforge/roles/ubuntu24_stig : Declare syscalls found per file] ********
skipping: [localhost]

TASK [/stigforge/roles/ubuntu24_stig : Declare files where syscalls were found] ***
skipping: [localhost]

TASK [/stigforge/roles/ubuntu24_stig : Count occurrences of syscalls in paths] ***
skipping: [localhost]

TASK [/stigforge/roles/ubuntu24_stig : Get path with most syscalls] ************
skipping: [localhost]

TASK [/stigforge/roles/ubuntu24_stig : No file with syscall found, set path to /etc/audit/rules.d/access.rules] ***
skipping: [localhost]

TASK [/stigforge/roles/ubuntu24_stig : Declare found syscalls] *****************
skipping: [localhost]

TASK [/stigforge/roles/ubuntu24_stig : Declare missing syscalls] ***************
skipping: [localhost]

TASK [/stigforge/roles/ubuntu24_stig : Replace the audit rule in {{ audit_file }}] ***
skipping: [localhost]

TASK [/stigforge/roles/ubuntu24_stig : Add the audit rule to {{ audit_file }}] ***
skipping: [localhost]

TASK [/stigforge/roles/ubuntu24_stig : Declare list of syscalls] ***************
skipping: [localhost]

TASK [/stigforge/roles/ubuntu24_stig : Check existence of openat in /etc/audit/audit.rules] ***
skipping: [localhost]

TASK [/stigforge/roles/ubuntu24_stig : Set path to /etc/audit/audit.rules] *****
skipping: [localhost]

TASK [/stigforge/roles/ubuntu24_stig : Declare found syscalls] *****************
skipping: [localhost]

TASK [/stigforge/roles/ubuntu24_stig : Declare missing syscalls] ***************
skipping: [localhost]

TASK [/stigforge/roles/ubuntu24_stig : Replace the audit rule in {{ audit_file }}] ***
skipping: [localhost]

TASK [/stigforge/roles/ubuntu24_stig : Add the audit rule to {{ audit_file }}] ***
skipping: [localhost]

TASK [/stigforge/roles/ubuntu24_stig : Declare list of syscalls] ***************
skipping: [localhost]

TASK [/stigforge/roles/ubuntu24_stig : Check existence of openat in /etc/audit/rules.d/] ***
skipping: [localhost]

TASK [/stigforge/roles/ubuntu24_stig : Reset syscalls found per file] **********
skipping: [localhost]

TASK [/stigforge/roles/ubuntu24_stig : Declare syscalls found per file] ********
skipping: [localhost]

TASK [/stigforge/roles/ubuntu24_stig : Declare files where syscalls were found] ***
skipping: [localhost]

TASK [/stigforge/roles/ubuntu24_stig : Count occurrences of syscalls in paths] ***
skipping: [localhost]

TASK [/stigforge/roles/ubuntu24_stig : Get path with most syscalls] ************
skipping: [localhost]

TASK [/stigforge/roles/ubuntu24_stig : No file with syscall found, set path to /etc/audit/rules.d/access.rules] ***
skipping: [localhost]

TASK [/stigforge/roles/ubuntu24_stig : Declare found syscalls] *****************
skipping: [localhost]

TASK [/stigforge/roles/ubuntu24_stig : Declare missing syscalls] ***************
skipping: [localhost]

TASK [/stigforge/roles/ubuntu24_stig : Replace the audit rule in {{ audit_file }}] ***
skipping: [localhost]

TASK [/stigforge/roles/ubuntu24_stig : Add the audit rule to {{ audit_file }}] ***
skipping: [localhost]

TASK [/stigforge/roles/ubuntu24_stig : Declare list of syscalls] ***************
skipping: [localhost]

TASK [/stigforge/roles/ubuntu24_stig : Check existence of openat in /etc/audit/audit.rules] ***
skipping: [localhost]

TASK [/stigforge/roles/ubuntu24_stig : Set path to /etc/audit/audit.rules] *****
skipping: [localhost]

TASK [/stigforge/roles/ubuntu24_stig : Declare found syscalls] *****************
skipping: [localhost]

TASK [/stigforge/roles/ubuntu24_stig : Declare missing syscalls] ***************
skipping: [localhost]

TASK [/stigforge/roles/ubuntu24_stig : Replace the audit rule in {{ audit_file }}] ***
skipping: [localhost]

TASK [/stigforge/roles/ubuntu24_stig : Add the audit rule to {{ audit_file }}] ***
skipping: [localhost]

TASK [/stigforge/roles/ubuntu24_stig : Declare list of syscalls] ***************
skipping: [localhost]

TASK [/stigforge/roles/ubuntu24_stig : Check existence of openat in /etc/audit/rules.d/] ***
skipping: [localhost]

TASK [/stigforge/roles/ubuntu24_stig : Reset syscalls found per file] **********
skipping: [localhost]

TASK [/stigforge/roles/ubuntu24_stig : Declare syscalls found per file] ********
skipping: [localhost]

TASK [/stigforge/roles/ubuntu24_stig : Declare files where syscalls were found] ***
skipping: [localhost]

TASK [/stigforge/roles/ubuntu24_stig : Count occurrences of syscalls in paths] ***
skipping: [localhost]

TASK [/stigforge/roles/ubuntu24_stig : Get path with most syscalls] ************
skipping: [localhost]

TASK [/stigforge/roles/ubuntu24_stig : No file with syscall found, set path to /etc/audit/rules.d/access.rules] ***
skipping: [localhost]

TASK [/stigforge/roles/ubuntu24_stig : Declare found syscalls] *****************
skipping: [localhost]

TASK [/stigforge/roles/ubuntu24_stig : Declare missing syscalls] ***************
skipping: [localhost]

TASK [/stigforge/roles/ubuntu24_stig : Replace the audit rule in {{ audit_file }}] ***
skipping: [localhost]

TASK [/stigforge/roles/ubuntu24_stig : Add the audit rule to {{ audit_file }}] ***
skipping: [localhost]

TASK [/stigforge/roles/ubuntu24_stig : Declare list of syscalls] ***************
skipping: [localhost]

TASK [/stigforge/roles/ubuntu24_stig : Check existence of openat in /etc/audit/audit.rules] ***
skipping: [localhost]

TASK [/stigforge/roles/ubuntu24_stig : Set path to /etc/audit/audit.rules] *****
skipping: [localhost]

TASK [/stigforge/roles/ubuntu24_stig : Declare found syscalls] *****************
skipping: [localhost]

TASK [/stigforge/roles/ubuntu24_stig : Declare missing syscalls] ***************
skipping: [localhost]

TASK [/stigforge/roles/ubuntu24_stig : Replace the audit rule in {{ audit_file }}] ***
skipping: [localhost]

TASK [/stigforge/roles/ubuntu24_stig : Add the audit rule to {{ audit_file }}] ***
skipping: [localhost]

TASK [/stigforge/roles/ubuntu24_stig : Declare list of syscalls] ***************
skipping: [localhost]

TASK [/stigforge/roles/ubuntu24_stig : Check existence of openat in /etc/audit/rules.d/] ***
skipping: [localhost]

TASK [/stigforge/roles/ubuntu24_stig : Reset syscalls found per file] **********
skipping: [localhost]

TASK [/stigforge/roles/ubuntu24_stig : Declare syscalls found per file] ********
skipping: [localhost]

TASK [/stigforge/roles/ubuntu24_stig : Declare files where syscalls were found] ***
skipping: [localhost]

TASK [/stigforge/roles/ubuntu24_stig : Count occurrences of syscalls in paths] ***
skipping: [localhost]

TASK [/stigforge/roles/ubuntu24_stig : Get path with most syscalls] ************
skipping: [localhost]

TASK [/stigforge/roles/ubuntu24_stig : No file with syscall found, set path to /etc/audit/rules.d/access.rules] ***
skipping: [localhost]

TASK [/stigforge/roles/ubuntu24_stig : Declare found syscalls] *****************
skipping: [localhost]

TASK [/stigforge/roles/ubuntu24_stig : Declare missing syscalls] ***************
skipping: [localhost]

TASK [/stigforge/roles/ubuntu24_stig : Replace the audit rule in {{ audit_file }}] ***
skipping: [localhost]

TASK [/stigforge/roles/ubuntu24_stig : Add the audit rule to {{ audit_file }}] ***
skipping: [localhost]

TASK [/stigforge/roles/ubuntu24_stig : Declare list of syscalls] ***************
skipping: [localhost]

TASK [/stigforge/roles/ubuntu24_stig : Check existence of openat in /etc/audit/audit.rules] ***
skipping: [localhost]

TASK [/stigforge/roles/ubuntu24_stig : Set path to /etc/audit/audit.rules] *****
skipping: [localhost]

TASK [/stigforge/roles/ubuntu24_stig : Declare found syscalls] *****************
skipping: [localhost]

TASK [/stigforge/roles/ubuntu24_stig : Declare missing syscalls] ***************
skipping: [localhost]

TASK [/stigforge/roles/ubuntu24_stig : Replace the audit rule in {{ audit_file }}] ***
skipping: [localhost]

TASK [/stigforge/roles/ubuntu24_stig : Add the audit rule to {{ audit_file }}] ***
skipping: [localhost]

TASK [/stigforge/roles/ubuntu24_stig : Set architecture for audit truncate tasks] ***
skipping: [localhost]

TASK [/stigforge/roles/ubuntu24_stig : Declare list of syscalls] ***************
skipping: [localhost]

TASK [/stigforge/roles/ubuntu24_stig : Check existence of truncate in /etc/audit/rules.d/] ***
skipping: [localhost]

TASK [/stigforge/roles/ubuntu24_stig : Reset syscalls found per file] **********
skipping: [localhost]

TASK [/stigforge/roles/ubuntu24_stig : Declare syscalls found per file] ********
skipping: [localhost]

TASK [/stigforge/roles/ubuntu24_stig : Declare files where syscalls were found] ***
skipping: [localhost]

TASK [/stigforge/roles/ubuntu24_stig : Count occurrences of syscalls in paths] ***
skipping: [localhost]

TASK [/stigforge/roles/ubuntu24_stig : Get path with most syscalls] ************
skipping: [localhost]

TASK [/stigforge/roles/ubuntu24_stig : No file with syscall found, set path to /etc/audit/rules.d/access.rules] ***
skipping: [localhost]

TASK [/stigforge/roles/ubuntu24_stig : Declare found syscalls] *****************
skipping: [localhost]

TASK [/stigforge/roles/ubuntu24_stig : Declare missing syscalls] ***************
skipping: [localhost]

TASK [/stigforge/roles/ubuntu24_stig : Replace the audit rule in {{ audit_file }}] ***
skipping: [localhost]

TASK [/stigforge/roles/ubuntu24_stig : Add the audit rule to {{ audit_file }}] ***
skipping: [localhost]

TASK [/stigforge/roles/ubuntu24_stig : Declare list of syscalls] ***************
skipping: [localhost]

TASK [/stigforge/roles/ubuntu24_stig : Check existence of truncate in /etc/audit/audit.rules] ***
skipping: [localhost]

TASK [/stigforge/roles/ubuntu24_stig : Set path to /etc/audit/audit.rules] *****
skipping: [localhost]

TASK [/stigforge/roles/ubuntu24_stig : Declare found syscalls] *****************
skipping: [localhost]

TASK [/stigforge/roles/ubuntu24_stig : Declare missing syscalls] ***************
skipping: [localhost]

TASK [/stigforge/roles/ubuntu24_stig : Replace the audit rule in {{ audit_file }}] ***
skipping: [localhost]

TASK [/stigforge/roles/ubuntu24_stig : Add the audit rule to {{ audit_file }}] ***
skipping: [localhost]

TASK [/stigforge/roles/ubuntu24_stig : Declare list of syscalls] ***************
skipping: [localhost]

TASK [/stigforge/roles/ubuntu24_stig : Check existence of truncate in /etc/audit/rules.d/] ***
skipping: [localhost]

TASK [/stigforge/roles/ubuntu24_stig : Reset syscalls found per file] **********
skipping: [localhost]

TASK [/stigforge/roles/ubuntu24_stig : Declare syscalls found per file] ********
skipping: [localhost]

TASK [/stigforge/roles/ubuntu24_stig : Declare files where syscalls were found] ***
skipping: [localhost]

TASK [/stigforge/roles/ubuntu24_stig : Count occurrences of syscalls in paths] ***
skipping: [localhost]

TASK [/stigforge/roles/ubuntu24_stig : Get path with most syscalls] ************
skipping: [localhost]

TASK [/stigforge/roles/ubuntu24_stig : No file with syscall found, set path to /etc/audit/rules.d/access.rules] ***
skipping: [localhost]

TASK [/stigforge/roles/ubuntu24_stig : Declare found syscalls] *****************
skipping: [localhost]

TASK [/stigforge/roles/ubuntu24_stig : Declare missing syscalls] ***************
skipping: [localhost]

TASK [/stigforge/roles/ubuntu24_stig : Replace the audit rule in {{ audit_file }}] ***
skipping: [localhost]

TASK [/stigforge/roles/ubuntu24_stig : Add the audit rule to {{ audit_file }}] ***
skipping: [localhost]

TASK [/stigforge/roles/ubuntu24_stig : Declare list of syscalls] ***************
skipping: [localhost]

TASK [/stigforge/roles/ubuntu24_stig : Check existence of truncate in /etc/audit/audit.rules] ***
skipping: [localhost]

TASK [/stigforge/roles/ubuntu24_stig : Set path to /etc/audit/audit.rules] *****
skipping: [localhost]

TASK [/stigforge/roles/ubuntu24_stig : Declare found syscalls] *****************
skipping: [localhost]

TASK [/stigforge/roles/ubuntu24_stig : Declare missing syscalls] ***************
skipping: [localhost]

TASK [/stigforge/roles/ubuntu24_stig : Replace the audit rule in {{ audit_file }}] ***
skipping: [localhost]

TASK [/stigforge/roles/ubuntu24_stig : Add the audit rule to {{ audit_file }}] ***
skipping: [localhost]

TASK [/stigforge/roles/ubuntu24_stig : Declare list of syscalls] ***************
skipping: [localhost]

TASK [/stigforge/roles/ubuntu24_stig : Check existence of truncate in /etc/audit/rules.d/] ***
skipping: [localhost]

TASK [/stigforge/roles/ubuntu24_stig : Reset syscalls found per file] **********
skipping: [localhost]

TASK [/stigforge/roles/ubuntu24_stig : Declare syscalls found per file] ********
skipping: [localhost]

TASK [/stigforge/roles/ubuntu24_stig : Declare files where syscalls were found] ***
skipping: [localhost]

TASK [/stigforge/roles/ubuntu24_stig : Count occurrences of syscalls in paths] ***
skipping: [localhost]

TASK [/stigforge/roles/ubuntu24_stig : Get path with most syscalls] ************
skipping: [localhost]

TASK [/stigforge/roles/ubuntu24_stig : No file with syscall found, set path to /etc/audit/rules.d/access.rules] ***
skipping: [localhost]

TASK [/stigforge/roles/ubuntu24_stig : Declare found syscalls] *****************
skipping: [localhost]

TASK [/stigforge/roles/ubuntu24_stig : Declare missing syscalls] ***************
skipping: [localhost]

TASK [/stigforge/roles/ubuntu24_stig : Replace the audit rule in {{ audit_file }}] ***
skipping: [localhost]

TASK [/stigforge/roles/ubuntu24_stig : Add the audit rule to {{ audit_file }}] ***
skipping: [localhost]

TASK [/stigforge/roles/ubuntu24_stig : Declare list of syscalls] ***************
skipping: [localhost]

TASK [/stigforge/roles/ubuntu24_stig : Check existence of truncate in /etc/audit/audit.rules] ***
skipping: [localhost]

TASK [/stigforge/roles/ubuntu24_stig : Set path to /etc/audit/audit.rules] *****
skipping: [localhost]

TASK [/stigforge/roles/ubuntu24_stig : Declare found syscalls] *****************
skipping: [localhost]

TASK [/stigforge/roles/ubuntu24_stig : Declare missing syscalls] ***************
skipping: [localhost]

TASK [/stigforge/roles/ubuntu24_stig : Replace the audit rule in {{ audit_file }}] ***
skipping: [localhost]

TASK [/stigforge/roles/ubuntu24_stig : Add the audit rule to {{ audit_file }}] ***
skipping: [localhost]

TASK [/stigforge/roles/ubuntu24_stig : Declare list of syscalls] ***************
skipping: [localhost]

TASK [/stigforge/roles/ubuntu24_stig : Check existence of truncate in /etc/audit/rules.d/] ***
skipping: [localhost]

TASK [/stigforge/roles/ubuntu24_stig : Reset syscalls found per file] **********
skipping: [localhost]

TASK [/stigforge/roles/ubuntu24_stig : Declare syscalls found per file] ********
skipping: [localhost]

TASK [/stigforge/roles/ubuntu24_stig : Declare files where syscalls were found] ***
skipping: [localhost]

TASK [/stigforge/roles/ubuntu24_stig : Count occurrences of syscalls in paths] ***
skipping: [localhost]

TASK [/stigforge/roles/ubuntu24_stig : Get path with most syscalls] ************
skipping: [localhost]

TASK [/stigforge/roles/ubuntu24_stig : No file with syscall found, set path to /etc/audit/rules.d/access.rules] ***
skipping: [localhost]

TASK [/stigforge/roles/ubuntu24_stig : Declare found syscalls] *****************
skipping: [localhost]

TASK [/stigforge/roles/ubuntu24_stig : Declare missing syscalls] ***************
skipping: [localhost]

TASK [/stigforge/roles/ubuntu24_stig : Replace the audit rule in {{ audit_file }}] ***
skipping: [localhost]

TASK [/stigforge/roles/ubuntu24_stig : Add the audit rule to {{ audit_file }}] ***
skipping: [localhost]

TASK [/stigforge/roles/ubuntu24_stig : Declare list of syscalls] ***************
skipping: [localhost]

TASK [/stigforge/roles/ubuntu24_stig : Check existence of truncate in /etc/audit/audit.rules] ***
skipping: [localhost]

TASK [/stigforge/roles/ubuntu24_stig : Set path to /etc/audit/audit.rules] *****
skipping: [localhost]

TASK [/stigforge/roles/ubuntu24_stig : Declare found syscalls] *****************
skipping: [localhost]

TASK [/stigforge/roles/ubuntu24_stig : Declare missing syscalls] ***************
skipping: [localhost]

TASK [/stigforge/roles/ubuntu24_stig : Replace the audit rule in {{ audit_file }}] ***
skipping: [localhost]

TASK [/stigforge/roles/ubuntu24_stig : Add the audit rule to {{ audit_file }}] ***
skipping: [localhost]

TASK [/stigforge/roles/ubuntu24_stig : Set architecture for audit delete_module tasks] ***
skipping: [localhost]

TASK [/stigforge/roles/ubuntu24_stig : Declare list of syscalls] ***************
skipping: [localhost]

TASK [/stigforge/roles/ubuntu24_stig : Check existence of delete_module in /etc/audit/rules.d/] ***
skipping: [localhost]

TASK [/stigforge/roles/ubuntu24_stig : Reset syscalls found per file] **********
skipping: [localhost]

TASK [/stigforge/roles/ubuntu24_stig : Declare syscalls found per file] ********
skipping: [localhost]

TASK [/stigforge/roles/ubuntu24_stig : Declare files where syscalls were found] ***
skipping: [localhost]

TASK [/stigforge/roles/ubuntu24_stig : Count occurrences of syscalls in paths] ***
skipping: [localhost]

TASK [/stigforge/roles/ubuntu24_stig : Get path with most syscalls] ************
skipping: [localhost]

TASK [/stigforge/roles/ubuntu24_stig : No file with syscall found, set path to /etc/audit/rules.d/module-change.rules] ***
skipping: [localhost]

TASK [/stigforge/roles/ubuntu24_stig : Declare found syscalls] *****************
skipping: [localhost]

TASK [/stigforge/roles/ubuntu24_stig : Declare missing syscalls] ***************
skipping: [localhost]

TASK [/stigforge/roles/ubuntu24_stig : Replace the audit rule in {{ audit_file }}] ***
skipping: [localhost]

TASK [/stigforge/roles/ubuntu24_stig : Add the audit rule to {{ audit_file }}] ***
skipping: [localhost]

TASK [/stigforge/roles/ubuntu24_stig : Declare list of syscalls] ***************
skipping: [localhost]

TASK [/stigforge/roles/ubuntu24_stig : Check existence of delete_module in /etc/audit/audit.rules] ***
skipping: [localhost]

TASK [/stigforge/roles/ubuntu24_stig : Set path to /etc/audit/audit.rules] *****
skipping: [localhost]

TASK [/stigforge/roles/ubuntu24_stig : Declare found syscalls] *****************
skipping: [localhost]

TASK [/stigforge/roles/ubuntu24_stig : Declare missing syscalls] ***************
skipping: [localhost]

TASK [/stigforge/roles/ubuntu24_stig : Replace the audit rule in {{ audit_file }}] ***
skipping: [localhost]

TASK [/stigforge/roles/ubuntu24_stig : Add the audit rule to {{ audit_file }}] ***
skipping: [localhost]

TASK [/stigforge/roles/ubuntu24_stig : Declare list of syscalls] ***************
skipping: [localhost]

TASK [/stigforge/roles/ubuntu24_stig : Check existence of delete_module in /etc/audit/rules.d/] ***
skipping: [localhost]

TASK [/stigforge/roles/ubuntu24_stig : Reset syscalls found per file] **********
skipping: [localhost]

TASK [/stigforge/roles/ubuntu24_stig : Declare syscalls found per file] ********
skipping: [localhost]

TASK [/stigforge/roles/ubuntu24_stig : Declare files where syscalls were found] ***
skipping: [localhost]

TASK [/stigforge/roles/ubuntu24_stig : Count occurrences of syscalls in paths] ***
skipping: [localhost]

TASK [/stigforge/roles/ubuntu24_stig : Get path with most syscalls] ************
skipping: [localhost]

TASK [/stigforge/roles/ubuntu24_stig : No file with syscall found, set path to /etc/audit/rules.d/module-change.rules] ***
skipping: [localhost]

TASK [/stigforge/roles/ubuntu24_stig : Declare found syscalls] *****************
skipping: [localhost]

TASK [/stigforge/roles/ubuntu24_stig : Declare missing syscalls] ***************
skipping: [localhost]

TASK [/stigforge/roles/ubuntu24_stig : Replace the audit rule in {{ audit_file }}] ***
skipping: [localhost]

TASK [/stigforge/roles/ubuntu24_stig : Add the audit rule to {{ audit_file }}] ***
skipping: [localhost]

TASK [/stigforge/roles/ubuntu24_stig : Declare list of syscalls] ***************
skipping: [localhost]

TASK [/stigforge/roles/ubuntu24_stig : Check existence of delete_module in /etc/audit/audit.rules] ***
skipping: [localhost]

TASK [/stigforge/roles/ubuntu24_stig : Set path to /etc/audit/audit.rules] *****
skipping: [localhost]

TASK [/stigforge/roles/ubuntu24_stig : Declare found syscalls] *****************
skipping: [localhost]

TASK [/stigforge/roles/ubuntu24_stig : Declare missing syscalls] ***************
skipping: [localhost]

TASK [/stigforge/roles/ubuntu24_stig : Replace the audit rule in {{ audit_file }}] ***
skipping: [localhost]

TASK [/stigforge/roles/ubuntu24_stig : Add the audit rule to {{ audit_file }}] ***
skipping: [localhost]

TASK [/stigforge/roles/ubuntu24_stig : Set architecture for audit finit_module tasks] ***
skipping: [localhost]

TASK [/stigforge/roles/ubuntu24_stig : Declare list of syscalls] ***************
skipping: [localhost]

TASK [/stigforge/roles/ubuntu24_stig : Check existence of finit_module in /etc/audit/rules.d/] ***
skipping: [localhost]

TASK [/stigforge/roles/ubuntu24_stig : Reset syscalls found per file] **********
skipping: [localhost]

TASK [/stigforge/roles/ubuntu24_stig : Declare syscalls found per file] ********
skipping: [localhost]

TASK [/stigforge/roles/ubuntu24_stig : Declare files where syscalls were found] ***
skipping: [localhost]

TASK [/stigforge/roles/ubuntu24_stig : Count occurrences of syscalls in paths] ***
skipping: [localhost]

TASK [/stigforge/roles/ubuntu24_stig : Get path with most syscalls] ************
skipping: [localhost]

TASK [/stigforge/roles/ubuntu24_stig : No file with syscall found, set path to /etc/audit/rules.d/module-change.rules] ***
skipping: [localhost]

TASK [/stigforge/roles/ubuntu24_stig : Declare found syscalls] *****************
skipping: [localhost]

TASK [/stigforge/roles/ubuntu24_stig : Declare missing syscalls] ***************
skipping: [localhost]

TASK [/stigforge/roles/ubuntu24_stig : Replace the audit rule in {{ audit_file }}] ***
skipping: [localhost]

TASK [/stigforge/roles/ubuntu24_stig : Add the audit rule to {{ audit_file }}] ***
skipping: [localhost]

TASK [/stigforge/roles/ubuntu24_stig : Declare list of syscalls] ***************
skipping: [localhost]

TASK [/stigforge/roles/ubuntu24_stig : Check existence of finit_module in /etc/audit/audit.rules] ***
skipping: [localhost]

TASK [/stigforge/roles/ubuntu24_stig : Set path to /etc/audit/audit.rules] *****
skipping: [localhost]

TASK [/stigforge/roles/ubuntu24_stig : Declare found syscalls] *****************
skipping: [localhost]

TASK [/stigforge/roles/ubuntu24_stig : Declare missing syscalls] ***************
skipping: [localhost]

TASK [/stigforge/roles/ubuntu24_stig : Replace the audit rule in {{ audit_file }}] ***
skipping: [localhost]

TASK [/stigforge/roles/ubuntu24_stig : Add the audit rule to {{ audit_file }}] ***
skipping: [localhost]

TASK [/stigforge/roles/ubuntu24_stig : Declare list of syscalls] ***************
skipping: [localhost]

TASK [/stigforge/roles/ubuntu24_stig : Check existence of finit_module in /etc/audit/rules.d/] ***
skipping: [localhost]

TASK [/stigforge/roles/ubuntu24_stig : Reset syscalls found per file] **********
skipping: [localhost]

TASK [/stigforge/roles/ubuntu24_stig : Declare syscalls found per file] ********
skipping: [localhost]

TASK [/stigforge/roles/ubuntu24_stig : Declare files where syscalls were found] ***
skipping: [localhost]

TASK [/stigforge/roles/ubuntu24_stig : Count occurrences of syscalls in paths] ***
skipping: [localhost]

TASK [/stigforge/roles/ubuntu24_stig : Get path with most syscalls] ************
skipping: [localhost]

TASK [/stigforge/roles/ubuntu24_stig : No file with syscall found, set path to /etc/audit/rules.d/module-change.rules] ***
skipping: [localhost]

TASK [/stigforge/roles/ubuntu24_stig : Declare found syscalls] *****************
skipping: [localhost]

TASK [/stigforge/roles/ubuntu24_stig : Declare missing syscalls] ***************
skipping: [localhost]

TASK [/stigforge/roles/ubuntu24_stig : Replace the audit rule in {{ audit_file }}] ***
skipping: [localhost]

TASK [/stigforge/roles/ubuntu24_stig : Add the audit rule to {{ audit_file }}] ***
skipping: [localhost]

TASK [/stigforge/roles/ubuntu24_stig : Declare list of syscalls] ***************
skipping: [localhost]

TASK [/stigforge/roles/ubuntu24_stig : Check existence of finit_module in /etc/audit/audit.rules] ***
skipping: [localhost]

TASK [/stigforge/roles/ubuntu24_stig : Set path to /etc/audit/audit.rules] *****
skipping: [localhost]

TASK [/stigforge/roles/ubuntu24_stig : Declare found syscalls] *****************
skipping: [localhost]

TASK [/stigforge/roles/ubuntu24_stig : Declare missing syscalls] ***************
skipping: [localhost]

TASK [/stigforge/roles/ubuntu24_stig : Replace the audit rule in {{ audit_file }}] ***
skipping: [localhost]

TASK [/stigforge/roles/ubuntu24_stig : Add the audit rule to {{ audit_file }}] ***
skipping: [localhost]

TASK [/stigforge/roles/ubuntu24_stig : Set architecture for audit init_module tasks] ***
skipping: [localhost]

TASK [/stigforge/roles/ubuntu24_stig : Declare list of syscalls] ***************
skipping: [localhost]

TASK [/stigforge/roles/ubuntu24_stig : Check existence of init_module in /etc/audit/rules.d/] ***
skipping: [localhost]

TASK [/stigforge/roles/ubuntu24_stig : Reset syscalls found per file] **********
skipping: [localhost]

TASK [/stigforge/roles/ubuntu24_stig : Declare syscalls found per file] ********
skipping: [localhost]

TASK [/stigforge/roles/ubuntu24_stig : Declare files where syscalls were found] ***
skipping: [localhost]

TASK [/stigforge/roles/ubuntu24_stig : Count occurrences of syscalls in paths] ***
skipping: [localhost]

TASK [/stigforge/roles/ubuntu24_stig : Get path with most syscalls] ************
skipping: [localhost]

TASK [/stigforge/roles/ubuntu24_stig : No file with syscall found, set path to /etc/audit/rules.d/module-change.rules] ***
skipping: [localhost]

TASK [/stigforge/roles/ubuntu24_stig : Declare found syscalls] *****************
skipping: [localhost]

TASK [/stigforge/roles/ubuntu24_stig : Declare missing syscalls] ***************
skipping: [localhost]

TASK [/stigforge/roles/ubuntu24_stig : Replace the audit rule in {{ audit_file }}] ***
skipping: [localhost]

TASK [/stigforge/roles/ubuntu24_stig : Add the audit rule to {{ audit_file }}] ***
skipping: [localhost]

TASK [/stigforge/roles/ubuntu24_stig : Declare list of syscalls] ***************
skipping: [localhost]

TASK [/stigforge/roles/ubuntu24_stig : Check existence of init_module in /etc/audit/audit.rules] ***
skipping: [localhost]

TASK [/stigforge/roles/ubuntu24_stig : Set path to /etc/audit/audit.rules] *****
skipping: [localhost]

TASK [/stigforge/roles/ubuntu24_stig : Declare found syscalls] *****************
skipping: [localhost]

TASK [/stigforge/roles/ubuntu24_stig : Declare missing syscalls] ***************
skipping: [localhost]

TASK [/stigforge/roles/ubuntu24_stig : Replace the audit rule in {{ audit_file }}] ***
skipping: [localhost]

TASK [/stigforge/roles/ubuntu24_stig : Add the audit rule to {{ audit_file }}] ***
skipping: [localhost]

TASK [/stigforge/roles/ubuntu24_stig : Declare list of syscalls] ***************
skipping: [localhost]

TASK [/stigforge/roles/ubuntu24_stig : Check existence of init_module in /etc/audit/rules.d/] ***
skipping: [localhost]

TASK [/stigforge/roles/ubuntu24_stig : Reset syscalls found per file] **********
skipping: [localhost]

TASK [/stigforge/roles/ubuntu24_stig : Declare syscalls found per file] ********
skipping: [localhost]

TASK [/stigforge/roles/ubuntu24_stig : Declare files where syscalls were found] ***
skipping: [localhost]

TASK [/stigforge/roles/ubuntu24_stig : Count occurrences of syscalls in paths] ***
skipping: [localhost]

TASK [/stigforge/roles/ubuntu24_stig : Get path with most syscalls] ************
skipping: [localhost]

TASK [/stigforge/roles/ubuntu24_stig : No file with syscall found, set path to /etc/audit/rules.d/module-change.rules] ***
skipping: [localhost]

TASK [/stigforge/roles/ubuntu24_stig : Declare found syscalls] *****************
skipping: [localhost]

TASK [/stigforge/roles/ubuntu24_stig : Declare missing syscalls] ***************
skipping: [localhost]

TASK [/stigforge/roles/ubuntu24_stig : Replace the audit rule in {{ audit_file }}] ***
skipping: [localhost]

TASK [/stigforge/roles/ubuntu24_stig : Add the audit rule to {{ audit_file }}] ***
skipping: [localhost]

TASK [/stigforge/roles/ubuntu24_stig : Declare list of syscalls] ***************
skipping: [localhost]

TASK [/stigforge/roles/ubuntu24_stig : Check existence of init_module in /etc/audit/audit.rules] ***
skipping: [localhost]

TASK [/stigforge/roles/ubuntu24_stig : Set path to /etc/audit/audit.rules] *****
skipping: [localhost]

TASK [/stigforge/roles/ubuntu24_stig : Declare found syscalls] *****************
skipping: [localhost]

TASK [/stigforge/roles/ubuntu24_stig : Declare missing syscalls] ***************
skipping: [localhost]

TASK [/stigforge/roles/ubuntu24_stig : Replace the audit rule in {{ audit_file }}] ***
skipping: [localhost]

TASK [/stigforge/roles/ubuntu24_stig : Add the audit rule to {{ audit_file }}] ***
skipping: [localhost]

TASK [/stigforge/roles/ubuntu24_stig : Record Attempts to Alter Logon and Logout Events - faillog - Check if watch rule for /var/log/faillog already exists in /etc/audit/rules.d/] ***
skipping: [localhost]

TASK [/stigforge/roles/ubuntu24_stig : Record Attempts to Alter Logon and Logout Events - faillog - Search /etc/audit/rules.d for other rules with specified key logins] ***
skipping: [localhost]

TASK [/stigforge/roles/ubuntu24_stig : Record Attempts to Alter Logon and Logout Events - faillog - Use /etc/audit/rules.d/logins.rules as the recipient for the rule] ***
skipping: [localhost]

TASK [/stigforge/roles/ubuntu24_stig : Record Attempts to Alter Logon and Logout Events - faillog - Use matched file as the recipient for the rule] ***
skipping: [localhost]

TASK [/stigforge/roles/ubuntu24_stig : Record Attempts to Alter Logon and Logout Events - faillog - Add watch rule for /var/log/faillog in /etc/audit/rules.d/] ***
skipping: [localhost]

TASK [/stigforge/roles/ubuntu24_stig : Record Attempts to Alter Logon and Logout Events - faillog - Check if watch rule for /var/log/faillog already exists in /etc/audit/audit.rules] ***
skipping: [localhost]

TASK [/stigforge/roles/ubuntu24_stig : Record Attempts to Alter Logon and Logout Events - faillog - Add watch rule for /var/log/faillog in /etc/audit/audit.rules] ***
skipping: [localhost]

TASK [/stigforge/roles/ubuntu24_stig : Record Attempts to Alter Logon and Logout Events - lastlog - Check if watch rule for /var/log/lastlog already exists in /etc/audit/rules.d/] ***
skipping: [localhost]

TASK [/stigforge/roles/ubuntu24_stig : Record Attempts to Alter Logon and Logout Events - lastlog - Search /etc/audit/rules.d for other rules with specified key logins] ***
skipping: [localhost]

TASK [/stigforge/roles/ubuntu24_stig : Record Attempts to Alter Logon and Logout Events - lastlog - Use /etc/audit/rules.d/logins.rules as the recipient for the rule] ***
skipping: [localhost]

TASK [/stigforge/roles/ubuntu24_stig : Record Attempts to Alter Logon and Logout Events - lastlog - Use matched file as the recipient for the rule] ***
skipping: [localhost]

TASK [/stigforge/roles/ubuntu24_stig : Record Attempts to Alter Logon and Logout Events - lastlog - Add watch rule for /var/log/lastlog in /etc/audit/rules.d/] ***
skipping: [localhost]

TASK [/stigforge/roles/ubuntu24_stig : Record Attempts to Alter Logon and Logout Events - lastlog - Check if watch rule for /var/log/lastlog already exists in /etc/audit/audit.rules] ***
skipping: [localhost]

TASK [/stigforge/roles/ubuntu24_stig : Record Attempts to Alter Logon and Logout Events - lastlog - Add watch rule for /var/log/lastlog in /etc/audit/audit.rules] ***
skipping: [localhost]

TASK [/stigforge/roles/ubuntu24_stig : Declare list of syscalls] ***************
skipping: [localhost]

TASK [/stigforge/roles/ubuntu24_stig : Check existence of  in /etc/audit/rules.d/] ***
skipping: [localhost]

TASK [/stigforge/roles/ubuntu24_stig : Reset syscalls found per file] **********
skipping: [localhost]

TASK [/stigforge/roles/ubuntu24_stig : Declare syscalls found per file] ********
skipping: [localhost]

TASK [/stigforge/roles/ubuntu24_stig : Declare files where syscalls were found] ***
skipping: [localhost]

TASK [/stigforge/roles/ubuntu24_stig : Count occurrences of syscalls in paths] ***
skipping: [localhost]

TASK [/stigforge/roles/ubuntu24_stig : Get path with most syscalls] ************
skipping: [localhost]

TASK [/stigforge/roles/ubuntu24_stig : No file with syscall found, set path to /etc/audit/rules.d/privileged.rules] ***
skipping: [localhost]

TASK [/stigforge/roles/ubuntu24_stig : Declare found syscalls] *****************
skipping: [localhost]

TASK [/stigforge/roles/ubuntu24_stig : Declare missing syscalls] ***************
skipping: [localhost]

TASK [/stigforge/roles/ubuntu24_stig : Replace the audit rule in {{ audit_file }}] ***
skipping: [localhost]

TASK [/stigforge/roles/ubuntu24_stig : Add the audit rule to {{ audit_file }}] ***
skipping: [localhost]

TASK [/stigforge/roles/ubuntu24_stig : Declare list of syscalls] ***************
skipping: [localhost]

TASK [/stigforge/roles/ubuntu24_stig : Check existence of  in /etc/audit/audit.rules] ***
skipping: [localhost]

TASK [/stigforge/roles/ubuntu24_stig : Set path to /etc/audit/audit.rules] *****
skipping: [localhost]

TASK [/stigforge/roles/ubuntu24_stig : Declare found syscalls] *****************
skipping: [localhost]

TASK [/stigforge/roles/ubuntu24_stig : Declare missing syscalls] ***************
skipping: [localhost]

TASK [/stigforge/roles/ubuntu24_stig : Replace the audit rule in {{ audit_file }}] ***
skipping: [localhost]

TASK [/stigforge/roles/ubuntu24_stig : Add the audit rule to {{ audit_file }}] ***
skipping: [localhost]

TASK [/stigforge/roles/ubuntu24_stig : Declare list of syscalls] ***************
skipping: [localhost]

TASK [/stigforge/roles/ubuntu24_stig : Check existence of  in /etc/audit/rules.d/] ***
skipping: [localhost]

TASK [/stigforge/roles/ubuntu24_stig : Reset syscalls found per file] **********
skipping: [localhost]

TASK [/stigforge/roles/ubuntu24_stig : Declare syscalls found per file] ********
skipping: [localhost]

TASK [/stigforge/roles/ubuntu24_stig : Declare files where syscalls were found] ***
skipping: [localhost]

TASK [/stigforge/roles/ubuntu24_stig : Count occurrences of syscalls in paths] ***
skipping: [localhost]

TASK [/stigforge/roles/ubuntu24_stig : Get path with most syscalls] ************
skipping: [localhost]

TASK [/stigforge/roles/ubuntu24_stig : No file with syscall found, set path to /etc/audit/rules.d/privileged.rules] ***
skipping: [localhost]

TASK [/stigforge/roles/ubuntu24_stig : Declare found syscalls] *****************
skipping: [localhost]

TASK [/stigforge/roles/ubuntu24_stig : Declare missing syscalls] ***************
skipping: [localhost]

TASK [/stigforge/roles/ubuntu24_stig : Replace the audit rule in {{ audit_file }}] ***
skipping: [localhost]

TASK [/stigforge/roles/ubuntu24_stig : Add the audit rule to {{ audit_file }}] ***
skipping: [localhost]

TASK [/stigforge/roles/ubuntu24_stig : Declare list of syscalls] ***************
skipping: [localhost]

TASK [/stigforge/roles/ubuntu24_stig : Check existence of  in /etc/audit/audit.rules] ***
skipping: [localhost]

TASK [/stigforge/roles/ubuntu24_stig : Set path to /etc/audit/audit.rules] *****
skipping: [localhost]

TASK [/stigforge/roles/ubuntu24_stig : Declare found syscalls] *****************
skipping: [localhost]

TASK [/stigforge/roles/ubuntu24_stig : Declare missing syscalls] ***************
skipping: [localhost]

TASK [/stigforge/roles/ubuntu24_stig : Replace the audit rule in {{ audit_file }}] ***
skipping: [localhost]

TASK [/stigforge/roles/ubuntu24_stig : Add the audit rule to {{ audit_file }}] ***
skipping: [localhost]

TASK [/stigforge/roles/ubuntu24_stig : Declare list of syscalls] ***************
skipping: [localhost]

TASK [/stigforge/roles/ubuntu24_stig : Check existence of  in /etc/audit/rules.d/] ***
skipping: [localhost]

TASK [/stigforge/roles/ubuntu24_stig : Reset syscalls found per file] **********
skipping: [localhost]

TASK [/stigforge/roles/ubuntu24_stig : Declare syscalls found per file] ********
skipping: [localhost]

TASK [/stigforge/roles/ubuntu24_stig : Declare files where syscalls were found] ***
skipping: [localhost]

TASK [/stigforge/roles/ubuntu24_stig : Count occurrences of syscalls in paths] ***
skipping: [localhost]

TASK [/stigforge/roles/ubuntu24_stig : Get path with most syscalls] ************
skipping: [localhost]

TASK [/stigforge/roles/ubuntu24_stig : No file with syscall found, set path to /etc/audit/rules.d/privileged.rules] ***
skipping: [localhost]

TASK [/stigforge/roles/ubuntu24_stig : Declare found syscalls] *****************
skipping: [localhost]

TASK [/stigforge/roles/ubuntu24_stig : Declare missing syscalls] ***************
skipping: [localhost]

TASK [/stigforge/roles/ubuntu24_stig : Replace the audit rule in {{ audit_file }}] ***
skipping: [localhost]

TASK [/stigforge/roles/ubuntu24_stig : Add the audit rule to {{ audit_file }}] ***
skipping: [localhost]

TASK [/stigforge/roles/ubuntu24_stig : Declare list of syscalls] ***************
skipping: [localhost]

TASK [/stigforge/roles/ubuntu24_stig : Check existence of  in /etc/audit/audit.rules] ***
skipping: [localhost]

TASK [/stigforge/roles/ubuntu24_stig : Set path to /etc/audit/audit.rules] *****
skipping: [localhost]

TASK [/stigforge/roles/ubuntu24_stig : Declare found syscalls] *****************
skipping: [localhost]

TASK [/stigforge/roles/ubuntu24_stig : Declare missing syscalls] ***************
skipping: [localhost]

TASK [/stigforge/roles/ubuntu24_stig : Replace the audit rule in {{ audit_file }}] ***
skipping: [localhost]

TASK [/stigforge/roles/ubuntu24_stig : Add the audit rule to {{ audit_file }}] ***
skipping: [localhost]

TASK [/stigforge/roles/ubuntu24_stig : Declare list of syscalls] ***************
skipping: [localhost]

TASK [/stigforge/roles/ubuntu24_stig : Check existence of  in /etc/audit/rules.d/] ***
skipping: [localhost]

TASK [/stigforge/roles/ubuntu24_stig : Reset syscalls found per file] **********
skipping: [localhost]

TASK [/stigforge/roles/ubuntu24_stig : Declare syscalls found per file] ********
skipping: [localhost]

TASK [/stigforge/roles/ubuntu24_stig : Declare files where syscalls were found] ***
skipping: [localhost]

TASK [/stigforge/roles/ubuntu24_stig : Count occurrences of syscalls in paths] ***
skipping: [localhost]

TASK [/stigforge/roles/ubuntu24_stig : Get path with most syscalls] ************
skipping: [localhost]

TASK [/stigforge/roles/ubuntu24_stig : No file with syscall found, set path to /etc/audit/rules.d/privileged.rules] ***
skipping: [localhost]

TASK [/stigforge/roles/ubuntu24_stig : Declare found syscalls] *****************
skipping: [localhost]

TASK [/stigforge/roles/ubuntu24_stig : Declare missing syscalls] ***************
skipping: [localhost]

TASK [/stigforge/roles/ubuntu24_stig : Replace the audit rule in {{ audit_file }}] ***
skipping: [localhost]

TASK [/stigforge/roles/ubuntu24_stig : Add the audit rule to {{ audit_file }}] ***
skipping: [localhost]

TASK [/stigforge/roles/ubuntu24_stig : Declare list of syscalls] ***************
skipping: [localhost]

TASK [/stigforge/roles/ubuntu24_stig : Check existence of  in /etc/audit/audit.rules] ***
skipping: [localhost]

TASK [/stigforge/roles/ubuntu24_stig : Set path to /etc/audit/audit.rules] *****
skipping: [localhost]

TASK [/stigforge/roles/ubuntu24_stig : Declare found syscalls] *****************
skipping: [localhost]

TASK [/stigforge/roles/ubuntu24_stig : Declare missing syscalls] ***************
skipping: [localhost]

TASK [/stigforge/roles/ubuntu24_stig : Replace the audit rule in {{ audit_file }}] ***
skipping: [localhost]

TASK [/stigforge/roles/ubuntu24_stig : Add the audit rule to {{ audit_file }}] ***
skipping: [localhost]

TASK [/stigforge/roles/ubuntu24_stig : Declare list of syscalls] ***************
skipping: [localhost]

TASK [/stigforge/roles/ubuntu24_stig : Check existence of  in /etc/audit/rules.d/] ***
skipping: [localhost]

TASK [/stigforge/roles/ubuntu24_stig : Reset syscalls found per file] **********
skipping: [localhost]

TASK [/stigforge/roles/ubuntu24_stig : Declare syscalls found per file] ********
skipping: [localhost]

TASK [/stigforge/roles/ubuntu24_stig : Declare files where syscalls were found] ***
skipping: [localhost]

TASK [/stigforge/roles/ubuntu24_stig : Count occurrences of syscalls in paths] ***
skipping: [localhost]

TASK [/stigforge/roles/ubuntu24_stig : Get path with most syscalls] ************
skipping: [localhost]

TASK [/stigforge/roles/ubuntu24_stig : No file with syscall found, set path to /etc/audit/rules.d/privileged.rules] ***
skipping: [localhost]

TASK [/stigforge/roles/ubuntu24_stig : Declare found syscalls] *****************
skipping: [localhost]

TASK [/stigforge/roles/ubuntu24_stig : Declare missing syscalls] ***************
skipping: [localhost]

TASK [/stigforge/roles/ubuntu24_stig : Replace the audit rule in {{ audit_file }}] ***
skipping: [localhost]

TASK [/stigforge/roles/ubuntu24_stig : Add the audit rule to {{ audit_file }}] ***
skipping: [localhost]

TASK [/stigforge/roles/ubuntu24_stig : Declare list of syscalls] ***************
skipping: [localhost]

TASK [/stigforge/roles/ubuntu24_stig : Check existence of  in /etc/audit/audit.rules] ***
skipping: [localhost]

TASK [/stigforge/roles/ubuntu24_stig : Set path to /etc/audit/audit.rules] *****
skipping: [localhost]

TASK [/stigforge/roles/ubuntu24_stig : Declare found syscalls] *****************
skipping: [localhost]

TASK [/stigforge/roles/ubuntu24_stig : Declare missing syscalls] ***************
skipping: [localhost]

TASK [/stigforge/roles/ubuntu24_stig : Replace the audit rule in {{ audit_file }}] ***
skipping: [localhost]

TASK [/stigforge/roles/ubuntu24_stig : Add the audit rule to {{ audit_file }}] ***
skipping: [localhost]

TASK [/stigforge/roles/ubuntu24_stig : Ensure auditd Collects Information on the Use of Privileged Commands - fdisk - Check if watch rule for /sbin/fdisk already exists in /etc/audit/rules.d/] ***
skipping: [localhost]

TASK [/stigforge/roles/ubuntu24_stig : Ensure auditd Collects Information on the Use of Privileged Commands - fdisk - Search /etc/audit/rules.d for other rules with specified key modules] ***
skipping: [localhost]

TASK [/stigforge/roles/ubuntu24_stig : Ensure auditd Collects Information on the Use of Privileged Commands - fdisk - Use /etc/audit/rules.d/modules.rules as the recipient for the rule] ***
skipping: [localhost]

TASK [/stigforge/roles/ubuntu24_stig : Ensure auditd Collects Information on the Use of Privileged Commands - fdisk - Use matched file as the recipient for the rule] ***
skipping: [localhost]

TASK [/stigforge/roles/ubuntu24_stig : Ensure auditd Collects Information on the Use of Privileged Commands - fdisk - Add watch rule for /sbin/fdisk in /etc/audit/rules.d/] ***
skipping: [localhost]

TASK [/stigforge/roles/ubuntu24_stig : Ensure auditd Collects Information on the Use of Privileged Commands - fdisk - Check if watch rule for /sbin/fdisk already exists in /etc/audit/audit.rules] ***
skipping: [localhost]

TASK [/stigforge/roles/ubuntu24_stig : Ensure auditd Collects Information on the Use of Privileged Commands - fdisk - Add watch rule for /sbin/fdisk in /etc/audit/audit.rules] ***
skipping: [localhost]

TASK [/stigforge/roles/ubuntu24_stig : Declare list of syscalls] ***************
skipping: [localhost]

TASK [/stigforge/roles/ubuntu24_stig : Check existence of  in /etc/audit/rules.d/] ***
skipping: [localhost]

TASK [/stigforge/roles/ubuntu24_stig : Reset syscalls found per file] **********
skipping: [localhost]

TASK [/stigforge/roles/ubuntu24_stig : Declare syscalls found per file] ********
skipping: [localhost]

TASK [/stigforge/roles/ubuntu24_stig : Declare files where syscalls were found] ***
skipping: [localhost]

TASK [/stigforge/roles/ubuntu24_stig : Count occurrences of syscalls in paths] ***
skipping: [localhost]

TASK [/stigforge/roles/ubuntu24_stig : Get path with most syscalls] ************
skipping: [localhost]

TASK [/stigforge/roles/ubuntu24_stig : No file with syscall found, set path to /etc/audit/rules.d/privileged.rules] ***
skipping: [localhost]

TASK [/stigforge/roles/ubuntu24_stig : Declare found syscalls] *****************
skipping: [localhost]

TASK [/stigforge/roles/ubuntu24_stig : Declare missing syscalls] ***************
skipping: [localhost]

TASK [/stigforge/roles/ubuntu24_stig : Replace the audit rule in {{ audit_file }}] ***
skipping: [localhost]

TASK [/stigforge/roles/ubuntu24_stig : Add the audit rule to {{ audit_file }}] ***
skipping: [localhost]

TASK [/stigforge/roles/ubuntu24_stig : Declare list of syscalls] ***************
skipping: [localhost]

TASK [/stigforge/roles/ubuntu24_stig : Check existence of  in /etc/audit/audit.rules] ***
skipping: [localhost]

TASK [/stigforge/roles/ubuntu24_stig : Set path to /etc/audit/audit.rules] *****
skipping: [localhost]

TASK [/stigforge/roles/ubuntu24_stig : Declare found syscalls] *****************
skipping: [localhost]

TASK [/stigforge/roles/ubuntu24_stig : Declare missing syscalls] ***************
skipping: [localhost]

TASK [/stigforge/roles/ubuntu24_stig : Replace the audit rule in {{ audit_file }}] ***
skipping: [localhost]

TASK [/stigforge/roles/ubuntu24_stig : Add the audit rule to {{ audit_file }}] ***
skipping: [localhost]

TASK [/stigforge/roles/ubuntu24_stig : Declare list of syscalls] ***************
skipping: [localhost]

TASK [/stigforge/roles/ubuntu24_stig : Check existence of  in /etc/audit/rules.d/] ***
skipping: [localhost]

TASK [/stigforge/roles/ubuntu24_stig : Reset syscalls found per file] **********
skipping: [localhost]

TASK [/stigforge/roles/ubuntu24_stig : Declare syscalls found per file] ********
skipping: [localhost]

TASK [/stigforge/roles/ubuntu24_stig : Declare files where syscalls were found] ***
skipping: [localhost]

TASK [/stigforge/roles/ubuntu24_stig : Count occurrences of syscalls in paths] ***
skipping: [localhost]

TASK [/stigforge/roles/ubuntu24_stig : Get path with most syscalls] ************
skipping: [localhost]

TASK [/stigforge/roles/ubuntu24_stig : No file with syscall found, set path to /etc/audit/rules.d/privileged.rules] ***
skipping: [localhost]

TASK [/stigforge/roles/ubuntu24_stig : Declare found syscalls] *****************
skipping: [localhost]

TASK [/stigforge/roles/ubuntu24_stig : Declare missing syscalls] ***************
skipping: [localhost]

TASK [/stigforge/roles/ubuntu24_stig : Replace the audit rule in {{ audit_file }}] ***
skipping: [localhost]

TASK [/stigforge/roles/ubuntu24_stig : Add the audit rule to {{ audit_file }}] ***
skipping: [localhost]

TASK [/stigforge/roles/ubuntu24_stig : Declare list of syscalls] ***************
skipping: [localhost]

TASK [/stigforge/roles/ubuntu24_stig : Check existence of  in /etc/audit/audit.rules] ***
skipping: [localhost]

TASK [/stigforge/roles/ubuntu24_stig : Set path to /etc/audit/audit.rules] *****
skipping: [localhost]

TASK [/stigforge/roles/ubuntu24_stig : Declare found syscalls] *****************
skipping: [localhost]

TASK [/stigforge/roles/ubuntu24_stig : Declare missing syscalls] ***************
skipping: [localhost]

TASK [/stigforge/roles/ubuntu24_stig : Replace the audit rule in {{ audit_file }}] ***
skipping: [localhost]

TASK [/stigforge/roles/ubuntu24_stig : Add the audit rule to {{ audit_file }}] ***
skipping: [localhost]

TASK [/stigforge/roles/ubuntu24_stig : Declare list of syscalls] ***************
skipping: [localhost]

TASK [/stigforge/roles/ubuntu24_stig : Check existence of  in /etc/audit/rules.d/] ***
skipping: [localhost]

TASK [/stigforge/roles/ubuntu24_stig : Reset syscalls found per file] **********
skipping: [localhost]

TASK [/stigforge/roles/ubuntu24_stig : Declare syscalls found per file] ********
skipping: [localhost]

TASK [/stigforge/roles/ubuntu24_stig : Declare files where syscalls were found] ***
skipping: [localhost]

TASK [/stigforge/roles/ubuntu24_stig : Count occurrences of syscalls in paths] ***
skipping: [localhost]

TASK [/stigforge/roles/ubuntu24_stig : Get path with most syscalls] ************
skipping: [localhost]

TASK [/stigforge/roles/ubuntu24_stig : No file with syscall found, set path to /etc/audit/rules.d/privileged.rules] ***
skipping: [localhost]

TASK [/stigforge/roles/ubuntu24_stig : Declare found syscalls] *****************
skipping: [localhost]

TASK [/stigforge/roles/ubuntu24_stig : Declare missing syscalls] ***************
skipping: [localhost]

TASK [/stigforge/roles/ubuntu24_stig : Replace the audit rule in {{ audit_file }}] ***
skipping: [localhost]

TASK [/stigforge/roles/ubuntu24_stig : Add the audit rule to {{ audit_file }}] ***
skipping: [localhost]

TASK [/stigforge/roles/ubuntu24_stig : Declare list of syscalls] ***************
skipping: [localhost]

TASK [/stigforge/roles/ubuntu24_stig : Check existence of  in /etc/audit/audit.rules] ***
skipping: [localhost]

TASK [/stigforge/roles/ubuntu24_stig : Set path to /etc/audit/audit.rules] *****
skipping: [localhost]

TASK [/stigforge/roles/ubuntu24_stig : Declare found syscalls] *****************
skipping: [localhost]

TASK [/stigforge/roles/ubuntu24_stig : Declare missing syscalls] ***************
skipping: [localhost]

TASK [/stigforge/roles/ubuntu24_stig : Replace the audit rule in {{ audit_file }}] ***
skipping: [localhost]

TASK [/stigforge/roles/ubuntu24_stig : Add the audit rule to {{ audit_file }}] ***
skipping: [localhost]

TASK [/stigforge/roles/ubuntu24_stig : Declare list of syscalls] ***************
skipping: [localhost]

TASK [/stigforge/roles/ubuntu24_stig : Check existence of  in /etc/audit/rules.d/] ***
skipping: [localhost]

TASK [/stigforge/roles/ubuntu24_stig : Reset syscalls found per file] **********
skipping: [localhost]

TASK [/stigforge/roles/ubuntu24_stig : Declare syscalls found per file] ********
skipping: [localhost]

TASK [/stigforge/roles/ubuntu24_stig : Declare files where syscalls were found] ***
skipping: [localhost]

TASK [/stigforge/roles/ubuntu24_stig : Count occurrences of syscalls in paths] ***
skipping: [localhost]

TASK [/stigforge/roles/ubuntu24_stig : Get path with most syscalls] ************
skipping: [localhost]

TASK [/stigforge/roles/ubuntu24_stig : No file with syscall found, set path to /etc/audit/rules.d/privileged.rules] ***
skipping: [localhost]

TASK [/stigforge/roles/ubuntu24_stig : Declare found syscalls] *****************
skipping: [localhost]

TASK [/stigforge/roles/ubuntu24_stig : Declare missing syscalls] ***************
skipping: [localhost]

TASK [/stigforge/roles/ubuntu24_stig : Replace the audit rule in {{ audit_file }}] ***
skipping: [localhost]

TASK [/stigforge/roles/ubuntu24_stig : Add the audit rule to {{ audit_file }}] ***
skipping: [localhost]

TASK [/stigforge/roles/ubuntu24_stig : Declare list of syscalls] ***************
skipping: [localhost]

TASK [/stigforge/roles/ubuntu24_stig : Check existence of  in /etc/audit/audit.rules] ***
skipping: [localhost]

TASK [/stigforge/roles/ubuntu24_stig : Set path to /etc/audit/audit.rules] *****
skipping: [localhost]

TASK [/stigforge/roles/ubuntu24_stig : Declare found syscalls] *****************
skipping: [localhost]

TASK [/stigforge/roles/ubuntu24_stig : Declare missing syscalls] ***************
skipping: [localhost]

TASK [/stigforge/roles/ubuntu24_stig : Replace the audit rule in {{ audit_file }}] ***
skipping: [localhost]

TASK [/stigforge/roles/ubuntu24_stig : Add the audit rule to {{ audit_file }}] ***
skipping: [localhost]

TASK [/stigforge/roles/ubuntu24_stig : Declare list of syscalls] ***************
skipping: [localhost]

TASK [/stigforge/roles/ubuntu24_stig : Check existence of  in /etc/audit/rules.d/] ***
skipping: [localhost]

TASK [/stigforge/roles/ubuntu24_stig : Reset syscalls found per file] **********
skipping: [localhost]

TASK [/stigforge/roles/ubuntu24_stig : Declare syscalls found per file] ********
skipping: [localhost]

TASK [/stigforge/roles/ubuntu24_stig : Declare files where syscalls were found] ***
skipping: [localhost]

TASK [/stigforge/roles/ubuntu24_stig : Count occurrences of syscalls in paths] ***
skipping: [localhost]

TASK [/stigforge/roles/ubuntu24_stig : Get path with most syscalls] ************
skipping: [localhost]

TASK [/stigforge/roles/ubuntu24_stig : No file with syscall found, set path to /etc/audit/rules.d/privileged.rules] ***
skipping: [localhost]

TASK [/stigforge/roles/ubuntu24_stig : Declare found syscalls] *****************
skipping: [localhost]

TASK [/stigforge/roles/ubuntu24_stig : Declare missing syscalls] ***************
skipping: [localhost]

TASK [/stigforge/roles/ubuntu24_stig : Replace the audit rule in {{ audit_file }}] ***
skipping: [localhost]

TASK [/stigforge/roles/ubuntu24_stig : Add the audit rule to {{ audit_file }}] ***
skipping: [localhost]

TASK [/stigforge/roles/ubuntu24_stig : Declare list of syscalls] ***************
skipping: [localhost]

TASK [/stigforge/roles/ubuntu24_stig : Check existence of  in /etc/audit/audit.rules] ***
skipping: [localhost]

TASK [/stigforge/roles/ubuntu24_stig : Set path to /etc/audit/audit.rules] *****
skipping: [localhost]

TASK [/stigforge/roles/ubuntu24_stig : Declare found syscalls] *****************
skipping: [localhost]

TASK [/stigforge/roles/ubuntu24_stig : Declare missing syscalls] ***************
skipping: [localhost]

TASK [/stigforge/roles/ubuntu24_stig : Replace the audit rule in {{ audit_file }}] ***
skipping: [localhost]

TASK [/stigforge/roles/ubuntu24_stig : Add the audit rule to {{ audit_file }}] ***
skipping: [localhost]

TASK [/stigforge/roles/ubuntu24_stig : Declare list of syscalls] ***************
skipping: [localhost]

TASK [/stigforge/roles/ubuntu24_stig : Check existence of  in /etc/audit/rules.d/] ***
skipping: [localhost]

TASK [/stigforge/roles/ubuntu24_stig : Reset syscalls found per file] **********
skipping: [localhost]

TASK [/stigforge/roles/ubuntu24_stig : Declare syscalls found per file] ********
skipping: [localhost]

TASK [/stigforge/roles/ubuntu24_stig : Declare files where syscalls were found] ***
skipping: [localhost]

TASK [/stigforge/roles/ubuntu24_stig : Count occurrences of syscalls in paths] ***
skipping: [localhost]

TASK [/stigforge/roles/ubuntu24_stig : Get path with most syscalls] ************
skipping: [localhost]

TASK [/stigforge/roles/ubuntu24_stig : No file with syscall found, set path to /etc/audit/rules.d/privileged.rules] ***
skipping: [localhost]

TASK [/stigforge/roles/ubuntu24_stig : Declare found syscalls] *****************
skipping: [localhost]

TASK [/stigforge/roles/ubuntu24_stig : Declare missing syscalls] ***************
skipping: [localhost]

TASK [/stigforge/roles/ubuntu24_stig : Replace the audit rule in {{ audit_file }}] ***
skipping: [localhost]

TASK [/stigforge/roles/ubuntu24_stig : Add the audit rule to {{ audit_file }}] ***
skipping: [localhost]

TASK [/stigforge/roles/ubuntu24_stig : Declare list of syscalls] ***************
skipping: [localhost]

TASK [/stigforge/roles/ubuntu24_stig : Check existence of  in /etc/audit/audit.rules] ***
skipping: [localhost]

TASK [/stigforge/roles/ubuntu24_stig : Set path to /etc/audit/audit.rules] *****
skipping: [localhost]

TASK [/stigforge/roles/ubuntu24_stig : Declare found syscalls] *****************
skipping: [localhost]

TASK [/stigforge/roles/ubuntu24_stig : Declare missing syscalls] ***************
skipping: [localhost]

TASK [/stigforge/roles/ubuntu24_stig : Replace the audit rule in {{ audit_file }}] ***
skipping: [localhost]

TASK [/stigforge/roles/ubuntu24_stig : Add the audit rule to {{ audit_file }}] ***
skipping: [localhost]

TASK [/stigforge/roles/ubuntu24_stig : Declare list of syscalls] ***************
skipping: [localhost]

TASK [/stigforge/roles/ubuntu24_stig : Check existence of  in /etc/audit/rules.d/] ***
skipping: [localhost]

TASK [/stigforge/roles/ubuntu24_stig : Reset syscalls found per file] **********
skipping: [localhost]

TASK [/stigforge/roles/ubuntu24_stig : Declare syscalls found per file] ********
skipping: [localhost]

TASK [/stigforge/roles/ubuntu24_stig : Declare files where syscalls were found] ***
skipping: [localhost]

TASK [/stigforge/roles/ubuntu24_stig : Count occurrences of syscalls in paths] ***
skipping: [localhost]

TASK [/stigforge/roles/ubuntu24_stig : Get path with most syscalls] ************
skipping: [localhost]

TASK [/stigforge/roles/ubuntu24_stig : No file with syscall found, set path to /etc/audit/rules.d/privileged.rules] ***
skipping: [localhost]

TASK [/stigforge/roles/ubuntu24_stig : Declare found syscalls] *****************
skipping: [localhost]

TASK [/stigforge/roles/ubuntu24_stig : Declare missing syscalls] ***************
skipping: [localhost]

TASK [/stigforge/roles/ubuntu24_stig : Replace the audit rule in {{ audit_file }}] ***
skipping: [localhost]

TASK [/stigforge/roles/ubuntu24_stig : Add the audit rule to {{ audit_file }}] ***
skipping: [localhost]

TASK [/stigforge/roles/ubuntu24_stig : Declare list of syscalls] ***************
skipping: [localhost]

TASK [/stigforge/roles/ubuntu24_stig : Check existence of  in /etc/audit/audit.rules] ***
skipping: [localhost]

TASK [/stigforge/roles/ubuntu24_stig : Set path to /etc/audit/audit.rules] *****
skipping: [localhost]

TASK [/stigforge/roles/ubuntu24_stig : Declare found syscalls] *****************
skipping: [localhost]

TASK [/stigforge/roles/ubuntu24_stig : Declare missing syscalls] ***************
skipping: [localhost]

TASK [/stigforge/roles/ubuntu24_stig : Replace the audit rule in {{ audit_file }}] ***
skipping: [localhost]

TASK [/stigforge/roles/ubuntu24_stig : Add the audit rule to {{ audit_file }}] ***
skipping: [localhost]

TASK [/stigforge/roles/ubuntu24_stig : Declare list of syscalls] ***************
skipping: [localhost]

TASK [/stigforge/roles/ubuntu24_stig : Check existence of  in /etc/audit/rules.d/] ***
skipping: [localhost]

TASK [/stigforge/roles/ubuntu24_stig : Reset syscalls found per file] **********
skipping: [localhost]

TASK [/stigforge/roles/ubuntu24_stig : Declare syscalls found per file] ********
skipping: [localhost]

TASK [/stigforge/roles/ubuntu24_stig : Declare files where syscalls were found] ***
skipping: [localhost]

TASK [/stigforge/roles/ubuntu24_stig : Count occurrences of syscalls in paths] ***
skipping: [localhost]

TASK [/stigforge/roles/ubuntu24_stig : Get path with most syscalls] ************
skipping: [localhost]

TASK [/stigforge/roles/ubuntu24_stig : No file with syscall found, set path to /etc/audit/rules.d/privileged.rules] ***
skipping: [localhost]

TASK [/stigforge/roles/ubuntu24_stig : Declare found syscalls] *****************
skipping: [localhost]

TASK [/stigforge/roles/ubuntu24_stig : Declare missing syscalls] ***************
skipping: [localhost]

TASK [/stigforge/roles/ubuntu24_stig : Replace the audit rule in {{ audit_file }}] ***
skipping: [localhost]

TASK [/stigforge/roles/ubuntu24_stig : Add the audit rule to {{ audit_file }}] ***
skipping: [localhost]

TASK [/stigforge/roles/ubuntu24_stig : Declare list of syscalls] ***************
skipping: [localhost]

TASK [/stigforge/roles/ubuntu24_stig : Check existence of  in /etc/audit/audit.rules] ***
skipping: [localhost]

TASK [/stigforge/roles/ubuntu24_stig : Set path to /etc/audit/audit.rules] *****
skipping: [localhost]

TASK [/stigforge/roles/ubuntu24_stig : Declare found syscalls] *****************
skipping: [localhost]

TASK [/stigforge/roles/ubuntu24_stig : Declare missing syscalls] ***************
skipping: [localhost]

TASK [/stigforge/roles/ubuntu24_stig : Replace the audit rule in {{ audit_file }}] ***
skipping: [localhost]

TASK [/stigforge/roles/ubuntu24_stig : Add the audit rule to {{ audit_file }}] ***
skipping: [localhost]

TASK [/stigforge/roles/ubuntu24_stig : Declare list of syscalls] ***************
skipping: [localhost]

TASK [/stigforge/roles/ubuntu24_stig : Check existence of  in /etc/audit/rules.d/] ***
skipping: [localhost]

TASK [/stigforge/roles/ubuntu24_stig : Reset syscalls found per file] **********
skipping: [localhost]

TASK [/stigforge/roles/ubuntu24_stig : Declare syscalls found per file] ********
skipping: [localhost]

TASK [/stigforge/roles/ubuntu24_stig : Declare files where syscalls were found] ***
skipping: [localhost]

TASK [/stigforge/roles/ubuntu24_stig : Count occurrences of syscalls in paths] ***
skipping: [localhost]

TASK [/stigforge/roles/ubuntu24_stig : Get path with most syscalls] ************
skipping: [localhost]

TASK [/stigforge/roles/ubuntu24_stig : No file with syscall found, set path to /etc/audit/rules.d/privileged.rules] ***
skipping: [localhost]

TASK [/stigforge/roles/ubuntu24_stig : Declare found syscalls] *****************
skipping: [localhost]

TASK [/stigforge/roles/ubuntu24_stig : Declare missing syscalls] ***************
skipping: [localhost]

TASK [/stigforge/roles/ubuntu24_stig : Replace the audit rule in {{ audit_file }}] ***
skipping: [localhost]

TASK [/stigforge/roles/ubuntu24_stig : Add the audit rule to {{ audit_file }}] ***
skipping: [localhost]

TASK [/stigforge/roles/ubuntu24_stig : Declare list of syscalls] ***************
skipping: [localhost]

TASK [/stigforge/roles/ubuntu24_stig : Check existence of  in /etc/audit/audit.rules] ***
skipping: [localhost]

TASK [/stigforge/roles/ubuntu24_stig : Set path to /etc/audit/audit.rules] *****
skipping: [localhost]

TASK [/stigforge/roles/ubuntu24_stig : Declare found syscalls] *****************
skipping: [localhost]

TASK [/stigforge/roles/ubuntu24_stig : Declare missing syscalls] ***************
skipping: [localhost]

TASK [/stigforge/roles/ubuntu24_stig : Replace the audit rule in {{ audit_file }}] ***
skipping: [localhost]

TASK [/stigforge/roles/ubuntu24_stig : Add the audit rule to {{ audit_file }}] ***
skipping: [localhost]

TASK [/stigforge/roles/ubuntu24_stig : Declare list of syscalls] ***************
skipping: [localhost]

TASK [/stigforge/roles/ubuntu24_stig : Check existence of  in /etc/audit/rules.d/] ***
skipping: [localhost]

TASK [/stigforge/roles/ubuntu24_stig : Reset syscalls found per file] **********
skipping: [localhost]

TASK [/stigforge/roles/ubuntu24_stig : Declare syscalls found per file] ********
skipping: [localhost]

TASK [/stigforge/roles/ubuntu24_stig : Declare files where syscalls were found] ***
skipping: [localhost]

TASK [/stigforge/roles/ubuntu24_stig : Count occurrences of syscalls in paths] ***
skipping: [localhost]

TASK [/stigforge/roles/ubuntu24_stig : Get path with most syscalls] ************
skipping: [localhost]

TASK [/stigforge/roles/ubuntu24_stig : No file with syscall found, set path to /etc/audit/rules.d/privileged.rules] ***
skipping: [localhost]

TASK [/stigforge/roles/ubuntu24_stig : Declare found syscalls] *****************
skipping: [localhost]

TASK [/stigforge/roles/ubuntu24_stig : Declare missing syscalls] ***************
skipping: [localhost]

TASK [/stigforge/roles/ubuntu24_stig : Replace the audit rule in {{ audit_file }}] ***
skipping: [localhost]

TASK [/stigforge/roles/ubuntu24_stig : Add the audit rule to {{ audit_file }}] ***
skipping: [localhost]

TASK [/stigforge/roles/ubuntu24_stig : Declare list of syscalls] ***************
skipping: [localhost]

TASK [/stigforge/roles/ubuntu24_stig : Check existence of  in /etc/audit/audit.rules] ***
skipping: [localhost]

TASK [/stigforge/roles/ubuntu24_stig : Set path to /etc/audit/audit.rules] *****
skipping: [localhost]

TASK [/stigforge/roles/ubuntu24_stig : Declare found syscalls] *****************
skipping: [localhost]

TASK [/stigforge/roles/ubuntu24_stig : Declare missing syscalls] ***************
skipping: [localhost]

TASK [/stigforge/roles/ubuntu24_stig : Replace the audit rule in {{ audit_file }}] ***
skipping: [localhost]

TASK [/stigforge/roles/ubuntu24_stig : Add the audit rule to {{ audit_file }}] ***
skipping: [localhost]

TASK [/stigforge/roles/ubuntu24_stig : Declare list of syscalls] ***************
skipping: [localhost]

TASK [/stigforge/roles/ubuntu24_stig : Check existence of  in /etc/audit/rules.d/] ***
skipping: [localhost]

TASK [/stigforge/roles/ubuntu24_stig : Reset syscalls found per file] **********
skipping: [localhost]

TASK [/stigforge/roles/ubuntu24_stig : Declare syscalls found per file] ********
skipping: [localhost]

TASK [/stigforge/roles/ubuntu24_stig : Declare files where syscalls were found] ***
skipping: [localhost]

TASK [/stigforge/roles/ubuntu24_stig : Count occurrences of syscalls in paths] ***
skipping: [localhost]

TASK [/stigforge/roles/ubuntu24_stig : Get path with most syscalls] ************
skipping: [localhost]

TASK [/stigforge/roles/ubuntu24_stig : No file with syscall found, set path to /etc/audit/rules.d/privileged.rules] ***
skipping: [localhost]

TASK [/stigforge/roles/ubuntu24_stig : Declare found syscalls] *****************
skipping: [localhost]

TASK [/stigforge/roles/ubuntu24_stig : Declare missing syscalls] ***************
skipping: [localhost]

TASK [/stigforge/roles/ubuntu24_stig : Replace the audit rule in {{ audit_file }}] ***
skipping: [localhost]

TASK [/stigforge/roles/ubuntu24_stig : Add the audit rule to {{ audit_file }}] ***
skipping: [localhost]

TASK [/stigforge/roles/ubuntu24_stig : Declare list of syscalls] ***************
skipping: [localhost]

TASK [/stigforge/roles/ubuntu24_stig : Check existence of  in /etc/audit/audit.rules] ***
skipping: [localhost]

TASK [/stigforge/roles/ubuntu24_stig : Set path to /etc/audit/audit.rules] *****
skipping: [localhost]

TASK [/stigforge/roles/ubuntu24_stig : Declare found syscalls] *****************
skipping: [localhost]

TASK [/stigforge/roles/ubuntu24_stig : Declare missing syscalls] ***************
skipping: [localhost]

TASK [/stigforge/roles/ubuntu24_stig : Replace the audit rule in {{ audit_file }}] ***
skipping: [localhost]

TASK [/stigforge/roles/ubuntu24_stig : Add the audit rule to {{ audit_file }}] ***
skipping: [localhost]

TASK [/stigforge/roles/ubuntu24_stig : Declare list of syscalls] ***************
skipping: [localhost]

TASK [/stigforge/roles/ubuntu24_stig : Check existence of  in /etc/audit/rules.d/] ***
skipping: [localhost]

TASK [/stigforge/roles/ubuntu24_stig : Reset syscalls found per file] **********
skipping: [localhost]

TASK [/stigforge/roles/ubuntu24_stig : Declare syscalls found per file] ********
skipping: [localhost]

TASK [/stigforge/roles/ubuntu24_stig : Declare files where syscalls were found] ***
skipping: [localhost]

TASK [/stigforge/roles/ubuntu24_stig : Count occurrences of syscalls in paths] ***
skipping: [localhost]

TASK [/stigforge/roles/ubuntu24_stig : Get path with most syscalls] ************
skipping: [localhost]

TASK [/stigforge/roles/ubuntu24_stig : No file with syscall found, set path to /etc/audit/rules.d/privileged.rules] ***
skipping: [localhost]

TASK [/stigforge/roles/ubuntu24_stig : Declare found syscalls] *****************
skipping: [localhost]

TASK [/stigforge/roles/ubuntu24_stig : Declare missing syscalls] ***************
skipping: [localhost]

TASK [/stigforge/roles/ubuntu24_stig : Replace the audit rule in {{ audit_file }}] ***
skipping: [localhost]

TASK [/stigforge/roles/ubuntu24_stig : Add the audit rule to {{ audit_file }}] ***
skipping: [localhost]

TASK [/stigforge/roles/ubuntu24_stig : Declare list of syscalls] ***************
skipping: [localhost]

TASK [/stigforge/roles/ubuntu24_stig : Check existence of  in /etc/audit/audit.rules] ***
skipping: [localhost]

TASK [/stigforge/roles/ubuntu24_stig : Set path to /etc/audit/audit.rules] *****
skipping: [localhost]

TASK [/stigforge/roles/ubuntu24_stig : Declare found syscalls] *****************
skipping: [localhost]

TASK [/stigforge/roles/ubuntu24_stig : Declare missing syscalls] ***************
skipping: [localhost]

TASK [/stigforge/roles/ubuntu24_stig : Replace the audit rule in {{ audit_file }}] ***
skipping: [localhost]

TASK [/stigforge/roles/ubuntu24_stig : Add the audit rule to {{ audit_file }}] ***
skipping: [localhost]

TASK [/stigforge/roles/ubuntu24_stig : Declare list of syscalls] ***************
skipping: [localhost]

TASK [/stigforge/roles/ubuntu24_stig : Check existence of  in /etc/audit/rules.d/] ***
skipping: [localhost]

TASK [/stigforge/roles/ubuntu24_stig : Reset syscalls found per file] **********
skipping: [localhost]

TASK [/stigforge/roles/ubuntu24_stig : Declare syscalls found per file] ********
skipping: [localhost]

TASK [/stigforge/roles/ubuntu24_stig : Declare files where syscalls were found] ***
skipping: [localhost]

TASK [/stigforge/roles/ubuntu24_stig : Count occurrences of syscalls in paths] ***
skipping: [localhost]

TASK [/stigforge/roles/ubuntu24_stig : Get path with most syscalls] ************
skipping: [localhost]

TASK [/stigforge/roles/ubuntu24_stig : No file with syscall found, set path to /etc/audit/rules.d/privileged.rules] ***
skipping: [localhost]

TASK [/stigforge/roles/ubuntu24_stig : Declare found syscalls] *****************
skipping: [localhost]

TASK [/stigforge/roles/ubuntu24_stig : Declare missing syscalls] ***************
skipping: [localhost]

TASK [/stigforge/roles/ubuntu24_stig : Replace the audit rule in {{ audit_file }}] ***
skipping: [localhost]

TASK [/stigforge/roles/ubuntu24_stig : Add the audit rule to {{ audit_file }}] ***
skipping: [localhost]

TASK [/stigforge/roles/ubuntu24_stig : Declare list of syscalls] ***************
skipping: [localhost]

TASK [/stigforge/roles/ubuntu24_stig : Check existence of  in /etc/audit/audit.rules] ***
skipping: [localhost]

TASK [/stigforge/roles/ubuntu24_stig : Set path to /etc/audit/audit.rules] *****
skipping: [localhost]

TASK [/stigforge/roles/ubuntu24_stig : Declare found syscalls] *****************
skipping: [localhost]

TASK [/stigforge/roles/ubuntu24_stig : Declare missing syscalls] ***************
skipping: [localhost]

TASK [/stigforge/roles/ubuntu24_stig : Replace the audit rule in {{ audit_file }}] ***
skipping: [localhost]

TASK [/stigforge/roles/ubuntu24_stig : Add the audit rule to {{ audit_file }}] ***
skipping: [localhost]

TASK [/stigforge/roles/ubuntu24_stig : Declare list of syscalls] ***************
skipping: [localhost]

TASK [/stigforge/roles/ubuntu24_stig : Check existence of  in /etc/audit/rules.d/] ***
skipping: [localhost]

TASK [/stigforge/roles/ubuntu24_stig : Reset syscalls found per file] **********
skipping: [localhost]

TASK [/stigforge/roles/ubuntu24_stig : Declare syscalls found per file] ********
skipping: [localhost]

TASK [/stigforge/roles/ubuntu24_stig : Declare files where syscalls were found] ***
skipping: [localhost]

TASK [/stigforge/roles/ubuntu24_stig : Count occurrences of syscalls in paths] ***
skipping: [localhost]

TASK [/stigforge/roles/ubuntu24_stig : Get path with most syscalls] ************
skipping: [localhost]

TASK [/stigforge/roles/ubuntu24_stig : No file with syscall found, set path to /etc/audit/rules.d/privileged.rules] ***
skipping: [localhost]

TASK [/stigforge/roles/ubuntu24_stig : Declare found syscalls] *****************
skipping: [localhost]

TASK [/stigforge/roles/ubuntu24_stig : Declare missing syscalls] ***************
skipping: [localhost]

TASK [/stigforge/roles/ubuntu24_stig : Replace the audit rule in {{ audit_file }}] ***
skipping: [localhost]

TASK [/stigforge/roles/ubuntu24_stig : Add the audit rule to {{ audit_file }}] ***
skipping: [localhost]

TASK [/stigforge/roles/ubuntu24_stig : Declare list of syscalls] ***************
skipping: [localhost]

TASK [/stigforge/roles/ubuntu24_stig : Check existence of  in /etc/audit/audit.rules] ***
skipping: [localhost]

TASK [/stigforge/roles/ubuntu24_stig : Set path to /etc/audit/audit.rules] *****
skipping: [localhost]

TASK [/stigforge/roles/ubuntu24_stig : Declare found syscalls] *****************
skipping: [localhost]

TASK [/stigforge/roles/ubuntu24_stig : Declare missing syscalls] ***************
skipping: [localhost]

TASK [/stigforge/roles/ubuntu24_stig : Replace the audit rule in {{ audit_file }}] ***
skipping: [localhost]

TASK [/stigforge/roles/ubuntu24_stig : Add the audit rule to {{ audit_file }}] ***
skipping: [localhost]

TASK [/stigforge/roles/ubuntu24_stig : Configure auditd space_left on Low Disk Space] ***
skipping: [localhost]

TASK [/stigforge/roles/ubuntu24_stig : Set the file_groupownership_audit_binaries_newgroup variable if represented by gid] ***
skipping: [localhost]

TASK [/stigforge/roles/ubuntu24_stig : Test for existence /sbin/auditctl] ******
skipping: [localhost]

TASK [/stigforge/roles/ubuntu24_stig : Ensure group owner on /sbin/auditctl] ***
skipping: [localhost]

TASK [/stigforge/roles/ubuntu24_stig : Test for existence /sbin/aureport] ******
skipping: [localhost]

TASK [/stigforge/roles/ubuntu24_stig : Ensure group owner on /sbin/aureport] ***
skipping: [localhost]

TASK [/stigforge/roles/ubuntu24_stig : Test for existence /sbin/ausearch] ******
skipping: [localhost]

TASK [/stigforge/roles/ubuntu24_stig : Ensure group owner on /sbin/ausearch] ***
skipping: [localhost]

TASK [/stigforge/roles/ubuntu24_stig : Test for existence /sbin/autrace] *******
skipping: [localhost]

TASK [/stigforge/roles/ubuntu24_stig : Ensure group owner on /sbin/autrace] ****
skipping: [localhost]

TASK [/stigforge/roles/ubuntu24_stig : Test for existence /sbin/auditd] ********
skipping: [localhost]

TASK [/stigforge/roles/ubuntu24_stig : Ensure group owner on /sbin/auditd] *****
skipping: [localhost]

TASK [/stigforge/roles/ubuntu24_stig : Test for existence /sbin/augenrules] ****
skipping: [localhost]

TASK [/stigforge/roles/ubuntu24_stig : Ensure group owner on /sbin/augenrules] ***
skipping: [localhost]

TASK [/stigforge/roles/ubuntu24_stig : Set the file_ownership_audit_binaries_newown variable if represented by uid] ***
skipping: [localhost]

TASK [/stigforge/roles/ubuntu24_stig : Test for existence /sbin/auditctl] ******
skipping: [localhost]

TASK [/stigforge/roles/ubuntu24_stig : Ensure owner on /sbin/auditctl] *********
skipping: [localhost]

TASK [/stigforge/roles/ubuntu24_stig : Test for existence /sbin/aureport] ******
skipping: [localhost]

TASK [/stigforge/roles/ubuntu24_stig : Ensure owner on /sbin/aureport] *********
skipping: [localhost]

TASK [/stigforge/roles/ubuntu24_stig : Test for existence /sbin/ausearch] ******
skipping: [localhost]

TASK [/stigforge/roles/ubuntu24_stig : Ensure owner on /sbin/ausearch] *********
skipping: [localhost]

TASK [/stigforge/roles/ubuntu24_stig : Test for existence /sbin/autrace] *******
skipping: [localhost]

TASK [/stigforge/roles/ubuntu24_stig : Ensure owner on /sbin/autrace] **********
skipping: [localhost]

TASK [/stigforge/roles/ubuntu24_stig : Test for existence /sbin/auditd] ********
skipping: [localhost]

TASK [/stigforge/roles/ubuntu24_stig : Ensure owner on /sbin/auditd] ***********
skipping: [localhost]

TASK [/stigforge/roles/ubuntu24_stig : Test for existence /sbin/audispd] *******
skipping: [localhost]

TASK [/stigforge/roles/ubuntu24_stig : Ensure owner on /sbin/audispd] **********
skipping: [localhost]

TASK [/stigforge/roles/ubuntu24_stig : Test for existence /sbin/augenrules] ****
skipping: [localhost]

TASK [/stigforge/roles/ubuntu24_stig : Ensure owner on /sbin/augenrules] *******
skipping: [localhost]

TASK [/stigforge/roles/ubuntu24_stig : Test for existence /sbin/auditctl] ******
skipping: [localhost]

TASK [/stigforge/roles/ubuntu24_stig : Ensure permission u-s,g-ws,o-wt on /sbin/auditctl] ***
skipping: [localhost]

TASK [/stigforge/roles/ubuntu24_stig : Test for existence /sbin/aureport] ******
skipping: [localhost]

TASK [/stigforge/roles/ubuntu24_stig : Ensure permission u-s,g-ws,o-wt on /sbin/aureport] ***
skipping: [localhost]

TASK [/stigforge/roles/ubuntu24_stig : Test for existence /sbin/ausearch] ******
skipping: [localhost]

TASK [/stigforge/roles/ubuntu24_stig : Ensure permission u-s,g-ws,o-wt on /sbin/ausearch] ***
skipping: [localhost]

TASK [/stigforge/roles/ubuntu24_stig : Test for existence /sbin/autrace] *******
skipping: [localhost]

TASK [/stigforge/roles/ubuntu24_stig : Ensure permission u-s,g-ws,o-wt on /sbin/autrace] ***
skipping: [localhost]

TASK [/stigforge/roles/ubuntu24_stig : Test for existence /sbin/auditd] ********
skipping: [localhost]

TASK [/stigforge/roles/ubuntu24_stig : Ensure permission u-s,g-ws,o-wt on /sbin/auditd] ***
skipping: [localhost]

TASK [/stigforge/roles/ubuntu24_stig : Test for existence /sbin/audispd] *******
skipping: [localhost]

TASK [/stigforge/roles/ubuntu24_stig : Ensure permission u-s,g-ws,o-wt on /sbin/audispd] ***
skipping: [localhost]

TASK [/stigforge/roles/ubuntu24_stig : Test for existence /sbin/augenrules] ****
skipping: [localhost]

TASK [/stigforge/roles/ubuntu24_stig : Ensure permission u-s,g-ws,o-wt on /sbin/augenrules] ***
skipping: [localhost]

TASK [/stigforge/roles/ubuntu24_stig : Test for existence /etc/audit/auditd.conf] ***
skipping: [localhost]

TASK [/stigforge/roles/ubuntu24_stig : Ensure permission u-xs,g-xws,o-xwrt on /etc/audit/auditd.conf] ***
skipping: [localhost]

TASK [/stigforge/roles/ubuntu24_stig : Test for existence /etc/audit/audit.rules] ***
skipping: [localhost]

TASK [/stigforge/roles/ubuntu24_stig : Ensure permission u-xs,g-xws,o-xwrt on /etc/audit/audit.rules] ***
skipping: [localhost]

TASK [/stigforge/roles/ubuntu24_stig : Find /etc/audit/rules.d/ file(s)] *******
skipping: [localhost]

TASK [/stigforge/roles/ubuntu24_stig : Set permissions for /etc/audit/rules.d/ file(s)] ***
skipping: [localhost]

TASK [/stigforge/roles/ubuntu24_stig : StigForge supplement - set PASS_MAX_DAYS in /etc/login.defs (accounts_maximum_age_login_defs)] ***
changed: [localhost]

TASK [/stigforge/roles/ubuntu24_stig : StigForge supplement - set PASS_MIN_DAYS in /etc/login.defs (accounts_minimum_age_login_defs)] ***
changed: [localhost]

TASK [/stigforge/roles/ubuntu24_stig : StigForge supplement - set INACTIVE in /etc/default/useradd (account_disable_post_pw_expiration)] ***
changed: [localhost]

TASK [/stigforge/roles/ubuntu24_stig : StigForge supplement - check for a maxlogins limits.d fragment (accounts_max_concurrent_login_sessions)] ***
ok: [localhost]

TASK [/stigforge/roles/ubuntu24_stig : StigForge supplement - cap concurrent login sessions per account (accounts_max_concurrent_login_sessions)] ***
changed: [localhost]

TASK [/stigforge/roles/ubuntu24_stig : StigForge supplement - check the presence of /etc/security/faillock.conf (deny/interval/unlock_time)] ***
ok: [localhost]

TASK [/stigforge/roles/ubuntu24_stig : StigForge supplement - set faillock deny threshold (accounts_passwords_pam_faillock_deny)] ***
changed: [localhost]

TASK [/stigforge/roles/ubuntu24_stig : StigForge supplement - set faillock fail_interval (accounts_passwords_pam_faillock_interval)] ***
changed: [localhost]

TASK [/stigforge/roles/ubuntu24_stig : StigForge supplement - set faillock unlock_time (accounts_passwords_pam_faillock_unlock_time)] ***
changed: [localhost]

TASK [/stigforge/roles/ubuntu24_stig : StigForge supplement - add pam_faildelay delay to /etc/pam.d/common-auth (accounts_passwords_pam_faildelay_delay)] ***
changed: [localhost]

TASK [/stigforge/roles/ubuntu24_stig : StigForge supplement - use sha512 + rounds for pam_unix.so password hashing (set_password_hashing_algorithm_auth_stig, accounts_password_pam_unix_rounds_password_auth)] ***
changed: [localhost]

TASK [/stigforge/roles/ubuntu24_stig : StigForge supplement - notify last login attempts including failures (display_login_attempts)] ***
changed: [localhost]

TASK [/stigforge/roles/ubuntu24_stig : StigForge supplement - configure apt to remove unused dependencies and kernels after upgrade (clean_components_post_updating)] ***
changed: [localhost] => (item=Unattended-Upgrade::Remove-Unused-Dependencies "true";)
changed: [localhost] => (item=Unattended-Upgrade::Remove-Unused-Kernel-Packages "true";)

TASK [/stigforge/roles/ubuntu24_stig : StigForge supplement - ensure the syslog system group exists (file_groupowner_var_log)] ***
changed: [localhost]

TASK [/stigforge/roles/ubuntu24_stig : StigForge supplement - install the SSH login confirmation banner script (banner_etc_profiled_ssh_confirm)] ***
changed: [localhost]

TASK [/stigforge/roles/ubuntu24_stig : StigForge supplement - ensure group owner on /var/log/ is syslog (file_groupowner_var_log)] ***
changed: [localhost]

PLAY RECAP *********************************************************************
localhost                  : ok=135  changed=44   unreachable=0    failed=0    skipped=2409 rescued=1    ignored=2   

